# BASE/Icon2b structural coverage checkpoint, macro-neutral parent 7283868
# Target: IconToBitmap, RVA 0xd0570, retail function size 0x4ed, retail object SHA-256 908184a18bfccca08e1f4ca4539aeb5f6411fa4681003b862e0199a26bfd55ae, retail .text SHA-256 fbdb9be13d49f591b9c46fb4c3646ba84ddd8e009e94025c8905ff2cd96d3891.
# Phase policy: reconstruct semantics/types/CFG/relocations; do not select source by transient fuzzy score. No regex or AST permuter was used.
# Structural corrections retained: real narrow IconEntry/dimPalette owners; typed IconEntry/row scratch; byte-offset 13-byte frame selection; entry-before-source publication in source; real typed palette base; full-width-before-partial clipped-fill arm; private header-level typedef enum for serialized command values.
# CFG/frame proof: candidate and retail are FPO with no local stack allocation, save EBX/ESI/EDI/EBP, return with ret 0x24, and implement the same skip/fill/dim/literal/newline state machine. Candidate return is +0x4c9 versus retail +0x4ea.
# First divergence: +0x11. Candidate loads x before indexed frame fields; retail keeps 13*frame in EBX, reads entry.x/srcOffset through EBX+ESI, materializes EDI, publishes entry/source, and only then loads x. Explicit cursor, indexed array, byte-offset, and split X/Y declaration/assignment shapes were boundedly tested; none reproduced the retail allocation under this header state.
# Final relocation distribution candidate/retail: Row1/1 Pitch3/3 Color6/6 DimPal5/5 Run7/7 Cnt4/4 Src17/17 DimDst4/4 ClipR10/10 ClipB4/4 X0=2/3 DimLen2/2 Y7/8 X2/2 Entry1/1 Cnt2=4/5 uDimPal1/1. homm2 relocs reports only-base=0.
# Every missing occurrence is represented by a source access/publication: X0 in the setup clip test, Y in setup/clip/row paths, and the pre-selection Cnt2 store in the clipped dim right arm. MSVC removes them by CSE/dead-store elimination in this declaration state; do not add volatile/fake uses.
# Typedef evidence: narrow real headers without IconRle typedef state emitted 79 relocations and Y6; adding the ABI/value-neutral private typedef enum emitted 80 and Y7. Static COFF suffixes also moved from the broad surface's S306xx family to S60x. Typedefs are not TU-state neutral even though enum-valued expressions are ABI neutral.
# Relocation-masked raw audit: candidate size 0x4cc, retail 0x4ed. Across the 0x4cc common span, masking the union of 156 relocation offsets leaves 647 differing bytes; the retail-only tail is 33 bytes; first mismatch +0x11, last common mismatch +0x4c9. This is a broad O2 allocation/shape residual, not a byte-proven wall.
# Revisit trigger: a real reachable icon/layout/header declaration-state change, or the later whole-TU fuzzy phase. Do not replay local predicate aliases or permutation searches before then.
source_sha256	private_enum_sha256	iconentry_sha256	dimpalette_sha256	candidate_text_sha256	match_percent	candidate_size	base_target_relocs	result
0cb60a23c3ca13f3e487011acaf1687c5dca483e272e91cf0be37cd6adeb2f7f	9665923cf3634543cb94910a25fc0e270c1f5c65689826678228f6b6780b73d9	4c213fcda960752692e6f1e202231b26d523bc2fa259c0b8a2d573380d2fb805	cf3d92124cbb77c3e18b26afc12932d01a6b86087d7209af987ea8907ac625ee	2aa0bf815eb579fbd08556735ebe2b017c30a3bea9d685bdff5b1f7b374c97fb	74.52	0x4cc	80/83	retained structural checkpoint; not a wall
