source_sha256	shape	match_percent	candidate_size/frame_bytes	relocs_base/retail	disposition
54fb511b1aa348f0bb338a3d67d230cbb2d7a4c136ab40c1831d1fa584ed32ef	widen_existing_local_declarations	86.42091	0x56d/0	145/144	reverted
ed3aaf93ffd73a0678a75106babf82ce11a315d865a17d67e6b500afcb72b3e7	common_literal_copy_count_snapshot	86.46	0x55d/0	141/144	reverted
de84c50425be62cc6997aeedfe6b917a3ecac3d7350886a20037de8e839afa13	fill_current_y_count_and_left_snapshots	86.73	0x55e/0	143/144	reverted
d406973517e49469bd2c35e37c5e02224ff59c7239b05f893210446d452f02a0	narrow_iconentry_include_with_redundant_owner_header	86.782845	0x56d/0	145/144	reverted
f1a3b2fe728733ebf993ffaa5574e20e23c0a1b520446a4b802290f2a1aa991a	narrow_include_surface_remove_owner_and_misc	87.091156	0x56d/0	145/144	superseded_checkpoint
fc81d873a65b000e58f4314ffe5caf434a71ba84d1729169ba1797f35e23ddd5	local_udimpal_extern_without_x_global	87.091156	0x56d/0	145/144	byte_identical_reverted
46f3725d62f587d6a348329759a7fdeee060a4d29357ffc7f8490cfa9976d755	restore_x_global_and_iconentry_order	87.091156	0x56d/0	145/144	byte_identical_reverted
2c8df135f50bcfb494074fa45a1b9c09f47d67845ac3a6215bc1fbe2ef940d0c	rename_clip_width_to_width	87.091156	0x56d/0	145/144	byte_identical_reverted
5195f4a7755add6f1f7f330e129a97acd5095d111da754a536526e24bb2c3257	restore_clip_width_name	87.091156	0x56d/0	145/144	byte_identical_reverted
a9f342c56fca4f39c136e9c42293bd8286723f131f0511a4e63aad7d9b6ba301	direct_clipw_without_alias	87.091156	0x56d/0	145/144	byte_identical_reverted
8c07cbaa886835f648562e0877df3502f40d610211af30db414c2dc642fc748d	register_clip_width	87.091156	0x56d/0	145/144	byte_identical_reverted
c6e8de1b5e1489a662e27c4d650263e151c76255b60c077ce4d0fac783656c9f	split_advance_declaration_assignment	87.091156	0x56d/0	145/144	byte_identical_reverted
3b04fe13bfb848b8222c9284703f3adc784d0686408944594039794547a8f59f	restore_initialized_advance_and_left_with_decl_order	87.091156	0x56d/0	145/144	byte_identical_reverted
d6aad7123779abaa1ce64afbd22e84fe1a99551c03d8aadbda09dd410c968b49	first_shared_pending_skip_join	87.091156	0x56d/0	145/144	byte_identical_reverted
58bb5fa58457e1fb5c9f9c2c8b0627f7f36cc8eee8e69318a8fc51052d4ae726	second_shared_pending_skip_join	87.091156	0x56d/0	145/144	byte_identical_reverted
78a3c83a57737191bc1dd694111e2ff0a85ef0ef3912d5d91bddfc94678c29e5	unsigned_clip_width	88.02	0x582/8	143/144	reverted
0fa9262af8ff3c38b443090dd04ee87ff96139a0de07b8c36a381cadad6b0da3	explicit_branch_selected_literal_advance	88.51	0x56d/0	145/144	superseded_checkpoint
ab5797aa7b108cdff62c689a9a03b5141a6479bfaf12394b36f1c960091519ce	shared_skip_with_old_right_polarity	88.51	0x56d/0	145/144	byte_identical_reverted
5714f596afe3f5551f39bf690722766c598f132db73a2c897ebc2ecb1f296794	setup_only_right_destination_local	88.51	0x56d/0	145/144	byte_identical_reverted
9d1507b719e6a6a66cbb668e996a61c544ee76a8128af40da7f4c6fc2c36bdb9	signed_fill_count_snapshot	88.51	0x56d/0	145/144	byte_identical_reverted
a69018ddd818fbda96052c8551408fb8b26255da3e8aad8e3400913d53ad041c	right_zero_skip_first_polarity	88.83	0x56c/0	145/144	superseded_checkpoint
3b1af8276ada56de869f0910c7efed4bfebcd0686578076f896acf1fbc0fc601	all_scoped_shear_pointer_aliases	88.89	0x57a/4	143/144	reverted
d4c0739e485c324c9e8ed7c88260c9b4438c81bbd76f70710e56eaa7585ac9f5	common_skip_publication_corrected_cfg	88.91	0x567/0	144/144	superseded_checkpoint
4b0d814a92311112ab7b4453c41364ffcc99bf3e2bc1196128748fbd02628853	right_edge_scalar_in_clipped_arm	88.91	0x567/0	144/144	byte_identical_reverted
58c9f1e6d3ea0c61b01aae5830c50d669b883eaf9e7254928001bb36e48a8415	signed_fill_snapshot_with_right_lifetime	88.91	0x567/0	144/144	byte_identical_reverted
8789a527e8c2b254326fef8607c51e97db04ef9776fe8cefce75dc416be0cd45	unsigned_fill_count_snapshot	89.0885	0x57a/4	143/144	superseded_checkpoint
6fe747e49f26bb6e404d9bd0057cb3ab3f4ba3627fcec3d10e4fab3fca875b97	right_edge_scalar_after_unsigned_fill	89.0885	0x57a/4	143/144	byte_identical_reverted
79eff389d8ceaf0cead020ae78d7f6e527581839284cbb54ab740d17f01625e8	right_destination_local_after_edge_scalar	89.0885	0x57a/4	143/144	byte_identical_reverted
3944ffd84136793bfef3acd2aabdade4648c44b5dbc98b10e785d170370a415c	split_edge_first_destination_local	89.0885	0x57a/4	143/144	byte_identical_reverted
e0fbb79e9fc8f6865651305ec2233c340e02ecb0c47421b8ee680c6a153ade46	register_clip_width_after_unsigned_fill	89.0885	0x57a/4	143/144	byte_identical_reverted
b4bdbdcdcac3efc2137c7336f127a45b1ef0c07e288de5b1dcef2dd3cf5ad750	const_clip_width_after_unsigned_fill	89.0885	0x57a/4	143/144	byte_identical_reverted
5d2e7a92290f5b58fd6eeb264545698d2106dc02b8bbbaa25269c1d6cddb978f	direct_pointer_base_destination	89.0885	0x57a/4	143/144	byte_identical_reverted
ad0aecd0d9e18a887082aa2ad3fcacdffad12c3d3900b885a2e1bcfc58427f84	commuted_destination_subscript	89.0885	0x57a/4	143/144	byte_identical_reverted
3b0c5bfd8568bbd84de68760903ab6f2bcb82f6723f04e5fd6a0bd9207ba948e	branch_common_right_destination_publication	89.101875	0x57a/4	143/144	superseded_checkpoint
dd631face0bf5c6d2c6c8137d5b5acccb9e76bcbfa32b68e8df9886ec05e8fa8	commuted_branch_common_destination_subscript	89.101875	0x57a/4	143/144	byte_identical_reverted
83e4a61c625c268dc10032aa1daa20c82005baf33b1a7b914c481b4eb8c81b9b	split_branch_common_edge_first_destination	89.101875	0x57a/4	143/144	byte_identical_reverted
1dc317ec4cf40ea7ede26ecc42d39e06a8b432b88a14a04009513d7021c035d6	right_count_local	89.101875	0x57a/4	143/144	byte_identical_reverted
6548e3389181ee494465507de1c5ebc36661df93ea23a96c9ab0ae85ca7e22ce	right_row_local	89.101875	0x57a/4	143/144	byte_identical_reverted
244772749adf296cbb4742d8334885bdafed23841905172cd8d4d0c76e1786f2	register_right_row_local	89.101875	0x57a/4	143/144	byte_identical_reverted
aaa7917a85c5c15eff396792995e6523dfa9f3b6e7115b11234dbcc43376c161	integer_right_destination_local	89.101875	0x57a/4	143/144	byte_identical_reverted
43d5e09f6b8dc3d1066febe04c6e4b08fee7b655c903bfe5d60bb5b0d3362436	direct_clipw_from_destination_checkpoint	89.101875	0x57a/4	143/144	byte_identical_reverted
1944701e0dfb3b6ae9ae8a0c0670c7014b8f4f911d67b0d9cf1f3f25266f6f83	initial_commuted_shear_subscript	89.101875	0x57a/4	143/144	byte_identical_reverted
7ed76d08ad3da64eb799da09541260960213fc2d60eb2ad5410e3be1aa85615c	all_commuted_shear_subscripts	89.101875	0x57a/4	143/144	byte_identical_reverted
36542cc219259747f2c5dabb5346b3026633b7618b3483df51358543d8a58da0	const_right_destination	89.101875	0x57a/4	143/144	byte_identical_reverted
ebe47a72807454313d38fc4e43aca148fd547ad4874a9f7ad41fbef4ccbf46ef	narrow_initial_shear_pointer_alias	89.47721	0x57a/4	143/144	superseded_equivalent
3e15131baacda0075baea744c7b3446e86edd2d1e45d0573b8f08952bcbd1a9d	wide_scope_initial_shear_pointer_alias	89.47721	0x57a/4	143/144	byte_identical_reverted
4b4807152f88158a9c510207463fbc1b5fa06f292366b9ac0f42270a11b532da	initial_and_newline_shear_pointer_aliases	89.47721	0x57a/4	143/144	byte_identical_reverted
cbaf2feb775481cc3f0d966470bb33c0fc23aded4bb2dc3930e7557a5b5e6845	right_destination_clipr_or_zero_identity	89.47721	0x57a/4	143/144	byte_identical_reverted
2d490d767a1e4d763c5b46c4e6a1cfb9a32abd948677ed413604636ba1e8b801	literal_only_shear_pointer_alias	89.47721	0x57a/4	143/144	byte_identical_reverted
f7e6d16f3ce894a7ba4f8fd24a1bab4b7563ef4258593ff978708f9ca7a9e284	dim_only_shear_pointer_alias	89.47721	0x57a/4	143/144	byte_identical_reverted
b578d5c556cdcb0cc40405d61d1ad618032cd2c007fa8eb8e3b3a9fc181123d5	fill_only_shear_pointer_alias	89.47721	0x57a/4	143/144	byte_identical_reverted
75be3b640b3d6ca97ef0c3c832369c4b0937ddd89c04fc4868d4e305464c9487	commuted_integer_destination_sum	89.47721	0x57a/4	143/144	byte_identical_reverted
80af05036b269bf575284281156ed36cf71643308efc1798f862c40dc57fd832	const_initial_shear_pointer_alias	89.47721	0x57a/4	143/144	byte_identical_reverted
4137c524dbd978ddd38c4aa5acb6333ee0bfbe284880bede7c75a0ebe9578acc	one_pass_source_publication_block	89.47721	0x57a/4	143/144	byte_identical_reverted
0e66815260f84e78e69b7473398fcba7875e614dbc9cb13d599b5f990d682d7c	sequenced_comma_source_and_destination_statements	89.47721	0x57a/4	143/144	byte_identical_reverted
51edd1692cd0164942fc670ad91cd4e9fc8237f3dc107b5c0697f015d69542ae	comma_sequenced_destination_initializer	89.47721	0x57a/4	143/144	byte_identical_reverted
b98385d1800cfddc5cb5c347dcce3c0312c0044148484dcbfb62939aaee5c750	direct_initialized_clip_width	89.47721	0x57a/4	143/144	byte_identical_reverted
081d58dec28b90a6c2e9d00f92ba407c26b5abf5dc8de19ca810751233969d62	initial_shear_pointer_plus_zero	89.47721	0x57a/4	143/144	byte_identical_reverted
35688a84e9255722052affded3db61b3332b0e9304e09c9a0f506fa0b53efe53	signed_char_initial_shear_value_snapshot	89.47721	0x57a/4	143/144	byte_identical_reverted
5bcb21613117b98e1131fee547745a0d299eaf604683ae3775c8bdfabc636c98	promoted_int_initial_shear_value_snapshot	89.47721	0x57a/4	143/144	retained
7fe672b0206882155b4804313956bf073fdb6b42ff5a6454e4a777f9ff74086e	all_site_promoted_shear_value_snapshots	89.47721	0x57a/4	143/144	byte_identical_reverted
66ca281362ffed1e85e843aae1c0eca37ea3214cf8f4a52e1b7b10e48345ef59	register_right_destination	89.47721	0x57a/4	143/144	byte_identical_reverted
f51119a90a1e4e9ba855ff90fea520de4441c2de7af5b3135e9ee7b216338370	register_initial_shear_value	89.47721	0x57a/4	143/144	byte_identical_reverted
33b353d46872873be80a3e78e4f3ca40394c6185d2eb2b1c4acef06f72bcdbcd	split_initial_shear_value_declaration_assignment	89.47721	0x57a/4	143/144	byte_identical_reverted
732b822e5cda9f375c9000edd7ca3c76a8e662fb8980fd5a66f4eb76b6d75d6f	const_promoted_int_initial_shear_snapshot	89.47721	0x57a/4	143/144	byte_identical_reverted
3bbb41a0af7ce5c2335757a3a698cdf4b45014e35b826fd4254ad533f945c639	function_scope_split_initial_shear_value	89.47721	0x57a/4	143/144	byte_identical_reverted
5e3d870fc1a0156e89bd5302ebce666b51be3f97a9ae5c38f9da4257a9183f8a	grouped_clip_width_and_initial_shear_declaration	89.47721	0x57a/4	143/144	byte_identical_reverted
be343e47d470309b66b7c802535128534eaa7ae898d3dc02e139621d473cc322	split_commuted_pointer_add_destination	89.47721	0x57a/4	143/144	byte_identical_reverted
e88ed8cbb6300b6ddf26065b36a773a5671b925544ce8fc9d2c3b6567ccf71ec	direct_initialized_right_destination	n/a	n/a	n/a	compile_error_most_vexing_parse_reverted
bd49e6c9d960051be8fa9e4fe09eecd3faa75c0f38faf56d50bfb1782b3c85d7	const_right_row_reference	89.4504	0x57a/4	143/144	reverted
e44e233fe2de2c4c4788fac381c2e69333b7fd24b9f9c9647820a97798f2df88	const_right_edge_reference	89.47721	0x57a/4	143/144	byte_identical_reverted
ba17f30a2fae50e606a9db4d64fcdb9b32c552fa4b0c910aac8974d151170fad	nonconst_right_row_reference	89.4504	0x57a/4	143/144	reverted
a7cde3f48d899b6db19aba765cf6dcfbc5aaeb8bf36cda138dff1f3db9d77982	combined_right_row_and_edge_references	89.4504	0x57a/4	143/144	reverted
0a545e40d7996c6b744025c0e49d76a3e913586bea850dbab290b5d103cd0dfc	edge_first_two_statement_right_destination	89.47721	0x57a/4	143/144	byte_identical_reverted
5b04f5e8b1b04c847423257ba8988e4f671049b5850bdc904717d3f74b12e6d8	row_first_two_statement_right_destination	89.47721	0x57a/4	143/144	byte_identical_reverted
8032d4c07ff95cf2365a6e9468fe434c00bf737ceb194acc5d864f7c949c72fb	register_right_row_snapshot_current_checkpoint	89.47721	0x57a/4	143/144	byte_identical_reverted
a613a8719422aa7fbf84ab4786954b452adba14615dbe3541912eef6d93102f4	direct_pointer_arithmetic_right_destination	89.47721	0x57a/4	143/144	byte_identical_reverted
05c825cd20725a0171c521d18f7fda992a9aeacfd3bab95ee93b60aacbe4c3e1	right_edge_scalar_then_compound_pointer_destination	89.47721	0x57a/4	143/144	byte_identical_reverted
a275ee48203c00a3c4a54c050354f9ab4bc33d11f186c30e821be0bb8450d01d	predeclared_right_destination_before_source_update	89.47721	0x57a/4	143/144	byte_identical_reverted
5562dbf8f65837a7c522aeb7c9e19207428e1043e24853891f9980eb6d90d1fe	duplicated_branch_local_right_destination_assignments	87.624664	0x57a/4	145/144	reverted
c4508c23f9245f9c8a38332fc1751e82fdcac6b10b1475566353b00bb69fd85e	common_direct_right_destination_publication	88.8874	0x57a/4	143/144	reverted
c77c33d167b88d3103892197acc28eda25e298759ad6c160d2b3f3024e193ac4	explicit_pointer_then_row_scalar_lifetimes	89.47721	0x57a/4	143/144	byte_identical_reverted
2bed248f90466c2ab3b718a145286e213491173175a53ecffcf6c1a75110f769	pointer_plus_right_row_reference_lifetimes	89.4504	0x57a/4	143/144	reverted
626716b1384208e2ec9104a95b4e8b5f01ac3ddd8b9052b40326c2446a267933	register_clip_width_current_checkpoint	89.47721	0x57a/4	143/144	byte_identical_reverted
927a9be87b60385ea0a647f1f0fd9c11db46b32dc72b0d9f94856cf46df48cd3	register_clip_width_and_function_scope_shear_alias	89.47721	0x57a/4	143/144	byte_identical_reverted
6c2a1a336f9df7a014b01cd633483d09e7b572a714ae42b96abbbf27c494b8b3	direct_clipw_and_global_fill_count	89.11528	0x567/0	145/144	reverted
b773d80c79a05cd9347a21b3e9a5080a116730432e690f9f4179847e7e92f521	direct_clipw_current_checkpoint	89.101875	0x57a/4	143/144	reverted
38406a1fa7df977bce681d367f51fd1e8f6fe95b44336c69351d6fb5f8b0490b	function_scope_fill_count	89.47721	0x57a/4	143/144	byte_identical_reverted
66144286c75111c1de501c3a1e08357831858f4bee355e8c34a46762d4a01dd1	const_reference_clip_width	88.43163	0x57a/4	143/144	reverted
22d1e30f78e5b5d0f32ce7401f401e07a35042c87642c490e97f4e9a0f51ca3f	clip_width_declared_after_current_y	89.47721	0x57a/4	143/144	byte_identical_reverted
69d34547b886503aee3cd97451a446527d84fd2ed679044fbb603f40f5ec94b5	publish_clip_right_before_initial_shear	87.7319	0x57b/4	143/144	reverted
d20712c2e1e836a2161ff93a7ed7db51bc04e2257aeb3ec2a1d03e0880ab4578	branch_local_fill_count_after_vertical_gate	90.402145	0x57a/4	143/144	superseded_checkpoint
42bdba42bdbe4f9a4c0f9499c050565a7b591b10464de1f345ae92f5ea064c16	branch_local_fill_count_with_global_memset_count	88.793564	0x563/0	143/144	reverted
4c627b412e2f71e945c535b0a5ad3d6efe8e347a33454469abee038e1df583a1	signed_branch_local_fill_count_after_vertical_gate	89.08847	0x567/0	144/144	reverted
6d6c6360d02723d4f91cd541c0a0c274316512856cb766d2f056cff8e3579bac	direct_clipw_after_branch_local_fill_recovery	90.02681	0x57a/4	143/144	reverted
f3c80ffa9a19995f90dab8b5ff2925f5a625a5c78a16e2b15b6a09ecc0777453	publish_right_dim_length_before_pending_skip	88.75335	0x57d/4	143/144	reverted
377baa7114408ef2a32d879116f7ad011e8d3a0e1b58197e72bcf4f111ec1267	named_fill_left_after_branch_local_count	90.02681	0x57a/4	143/144	reverted
f90a57a23de67d38e8dbe925b2c72acd408ccb799b50fff4bd8ff0e5bf1888c4	register_branch_local_fill_count	90.402145	0x57a/4	143/144	byte_identical_reverted
b73d1a4b93ea7a10b21125d1285f456d58e74e0ed64f872e7d2349532bdd2425	full_fill_only_count_snapshot	89.08847	0x567/0	144/144	reverted
4e91d844f66c5f7249da1df748a61e927c46fa8de88b75e8b0bdf087292da78c	unsigned_global_run_after_branch_local_recovery	87.07775	0x561/0	141/144	reverted
8e6a70ba2452a93d8aa8f5ed88f8fe0454fe69c5e0bd4a49aac2c5f5355c3f84	static_scratch_first_use_order	91.89008	0x583/4	143/144	superseded_checkpoint
d3d9be1ae6aa25a7dd8a57dc5c9d27a36b0b4d8a15718cd823f28e1b39a22da1	static_scratch_sibling_icon2by_order	91.675606	0x583/4	144/144	reverted
93488fcdb64c94115f35fa6dee79f5dc1af24b77f1301e27678b54e3642fd30f	function_local_static_scratch_first_use_order	90.99196	0x583/4	143/144	reverted
2b0356603646b9c70bc95557ec802776f0d496bee087cf5877e6467e82130721	late_clip_width_declaration_after_first_use_scratch_order	91.89008	0x583/4	143/144	byte_identical_reverted
f33ab84fe5e3b9205e40ae09de314bced82063fe587bddee30646c73d44bfea0	first_use_scratch_with_clipr_last	93.72654	0x58c/4	144/144	retained
31a2d93fa3334cdfc1e74f10644755111874e1b7156f7a71127033b8b75a306a	first_use_scratch_with_y_and_clipr_last	91.675606	0x583/4	144/144	reverted
c8d4ded2dd032891b8a3c46ce4cf2275ca74224fcac05b41e18ef0816ef7ca71	first_use_scratch_with_run_and_clipr_last	93.72654	0x58c/4	144/144	byte_identical_reverted
5c8bdc2d538e5b05745044dfd563c8bffbd065b65a4203a557a0c2aa4c738ddd	first_use_scratch_with_xend_first_and_clipr_last	93.72654	0x58c/4	144/144	byte_identical_reverted
d6851c553637f2d4fbacb5898f8e140874a6d099d783c4fac5d391a9242718d5	function_local_clipr_after_first_use_scratch_order	92.828415	0x58c/4	144/144	reverted
b0f1bf676ed534045af935aad80b440296852d0152e34e965946b999d1fac36d	global_memset_count_after_clipr_last_scratch_order	92.18499	0x576/0	144/144	reverted
a2c62d14079741814a3137df9bb3ff268123a62de981b937fd7240fa04e9c5e6	first_use_scratch_with_clipb_and_clipr_last	93.72654	0x58c/4	144/144	byte_identical_reverted
3fd1a64eea75e52a3c4420284c40d2dd9b8472742053ec042ba454d165fcc335	direct_clipw_after_clipr_last_scratch_order	93.72654	0x58c/4	144/144	byte_identical_reverted
fba7d67b2b4cf5502bd42afa42a7f35eeca66756474a5a5504e06fd550c81ec6	const_clipwidth_reference_after_clipr_last_scratch_order	92.68096	0x58c/4	144/144	reverted
9a7fcf35993bfa3ade07047c8a137bcdc7a3a0acbea451215773b79ffdb3a54d	clipr_before_clipb_after_retained_scratch_order	92.544235	0x58c/4	144/144	reverted
fd4b3c0f0aa3950e239d8f44ba70bb16255a2b3217910ae3a9227828c88cbb95	direct_initial_shear_after_retained_scratch_order	93.72654	0x58c/4	144/144	byte_identical_reverted
b78bc9284a98c00c561de8b29abcb285d2870a28d531f517b36f1f79bbf78c48	register_clip_width_after_retained_scratch_order	93.72654	0x58c/4	144/144	byte_identical_reverted
1f1345366816ac26a888c81c820aa925ca71f168cad3814f1ca3309481c2b103	precomputed_clipright_spanning_initial_shear_after_retained_order	93.72654	0x58c/4	144/144	byte_identical_reverted
4a8641917ce7ef841025e1e12c581850b21aaadb047be4d67281c6dc3e035965	restore_owner_header_after_retained_scratch_order	84.28954	0x56b/4	141/144	reverted
c9b9c239a03b4a65bb72dc469fb6fbc0e2d8d22a72aa4f4a401b8204dbaeb9b0	misc_header_instead_of_iconentry_after_retained_order	84.28954	0x56b/4	141/144	reverted
3b0678e6a7b81bd450e0a1d063556e98b30f881aa1135017af957e3fd20f4a54	iconentry_before_xglobal_after_retained_scratch_order	93.72654	0x58c/4	144/144	byte_identical_reverted
c295669bbee3a318bb609642fa21125568c4a582d509ba1a0a392a295968112c	unsigned_global_run_after_retained_scratch_order	89.83914	0x56d/0	141/144	reverted
c971d5ef5b55c210f161573548d2b7320cca00b6c737145bd4f835bbf03ab565	const_branch_local_fill_count_after_retained_order	93.72654	0x58c/4	144/144	byte_identical_reverted
dfa5d4b6e39c277a938c86797bc9ab0122072242769566c3b5e1262b8975cc34	unsigned_long_branch_local_fill_count_after_retained_order	93.72654	0x58c/4	144/144	byte_identical_reverted
f902e22900818f557e20a0e51467dffe386095655759341d1e6339fa16cb5d9f	nonconst_reference_clipwidth_after_retained_order	92.68096	0x58c/4	144/144	reverted
335c71b0b48b8dcd9c62b2745c50cb46e8d5d0e87dca141b3acd40caff5b2f39	register_clipw_formal_after_retained_scratch_order	93.72654	0x58c/4	144/144	byte_identical_reverted
7aa7cd988ff3f3024e21c9b9517310000d3c1409f9ffde6ce0d91919e60b2219	register_clipw_formal_with_direct_uses_after_retained_order	93.72654	0x58c/4	144/144	byte_identical_reverted
fbd38e139236cfd376e7e27bf31381920435a34bb5fd1900def81737d05defa3	shear_array_formal_after_retained_scratch_order	n/a	n/a	0/144	compile_symbol_mismatch_reverted
424c46d32e3708b729b0c06c80e2613a6d6c80a22a2f9963e25b01a30e7df705	const_clipw_formal_after_retained_scratch_order	93.72654	0x58c/4	144/144	byte_identical_reverted
8b50a109d398fa2da1d1ad982183b2c6b164dc33ef081937312a1bc3a6098e4a	sibling_complete_direct_setup_after_retained_scratch_order	92.544235	0x58c/4	144/144	reverted
3791f362c421baae5b4f4c4a2728b849ab2f38c8edeab25ffc9c7e5580fb9a0e	clip_edge_temporaries_with_retail_store_order	92.544235	0x58c/4	144/144	reverted
268c3427e1ed538a039bf444862ac9db17f6b55a8cf3f1221af74cac89bc169c	commuted_all_shear_subscripts_after_retained_order	93.72654	0x58c/4	144/144	byte_identical_reverted
9de2980206455761513506b1058c1e7afe0d4e16c695e8d777d54387b5c4e0e3	top_level_volatile_shear_formal_after_retained_order	n/a	n/a	0/144	compile_symbol_mismatch_reverted
a1ae062717cd32d7a391870ac438fdab14e410fe6149652254710607d68511e2	function_scope_const_reference_to_shear_formal	88.77	0x563/0	140/144	alias_propagation_and_frame_regression_reverted
3bc743db286c045815eaf819a084a6531284bccdb537519aa94dba1f910cef6b	setup_only_const_reference_to_shear_formal	88.93	0x563/0	140/144	frame_and_relocation_regression_reverted
871c86f5214ad5b4dc48a8a7aeaaad535cb995f8e8aa47c26b73085f9afa189d	top_level_const_pointer_shear_formal_after_retained_order	n/a	n/a	0/144	compile_symbol_mismatch_reverted
2e6bb567c731745d39b20dba1c5c70bc013c6d21899e9a4ba0cc373c7d8b1162	clip_width_or_zero_optimizer_escape_after_retained_order	93.72654	0x58c/4	144/144	byte_identical_reverted
