# BASE/icon2bc fresh combined retail-lifetime pass, checkpoint 032a2b3
# Target: IconToBitmapColorTable, RVA 0xd32a0, retail size 0x5af, target relocations 91.
# Scope: combine the independently proven pre-loop gCTDst lifetime and X/Y/row newline order with a new delayed-entry and command/shadow-flags SSA audit. Recorded setup/include/predicate/count/byte-offset/pointer-view families were not replayed in isolation.
# Retail proof rechecked from raw disassembly: gCTDst is loaded into EBX once at +0xe5; the loop header uses source=ECX and command=EAX; the negative run count is EDX; newline loads X0, increments Y, advances row by pitch, then publishes Y.
# No regex or AST permutation tool was used. The retained campaign maximum remains 72.4789%.
source_sha256	match_percent	base_size	base_target_relocs	result	new_structure_and_byte_evidence
df2a1debe999565d5681d46bd73414efcf5db2f81b31f6bb50624299a04b507d	69.95	0x57e	91/91	canonical-input	Checkpoint canonical; first difference remains +0x12 (entry offset ECX instead of retail EBX), and the loop reloads gCTDst rather than carrying it.
556c5c8cfe39ce178cfd795417abc2820b0c12335c017e4236ac6c7be2a7b41a	69.93	not-captured	91/91	rejected	Delayed a typed entry local until after the canonical source/X computations and kept it through clipping. This preserved all relocations but still folded offset+base into ECX and did not recover entry=EDI.
d470445122fd716bfe7f4ac49c4de89748ff053c0fdc34379a360a4d54384d6e	71.73	not-captured	87/91	rejected	Moved the real destination cursor load before the command loop and used retail X/Y/row newline order with the cursor declared at function scope. It recovered the loop-carried publication lifetime but allocated cursor=EDX/count=EBX and lost ClipR2, Cnt1, and X0 one relocation.
4fc825ac138856c18d947487d378f4afe93a5357101cf10d3e4983f354bac7c3	71.88	0x583	87/91	best-new-rejected	Narrowed the cursor declaration to immediately before the loop. This is the best fresh combined state, but it remains 0.599 points below the retained maximum and keeps cursor=EDX/count=EBX rather than retail EBX/EDX.
9c677892b66afaa87f125a8adc2e1e1456c0248fab5fbfb7ea1c5aa6dbc1834f	71.88	0x583	87/91	byte-identical-rejected	On the narrow state, applied semantic long-lived local names, split command declaration/assignment, a single do-loop, and reused the command SSA value for shadow flags. MSVC emitted the same score, size, relocations, and EDX-cursor/EBX-count structure.
c982e5903bc99f884622f4c0f50887d916b3fb81251b98f8810adda747a8dd0c	69.95	0x57e	91/91	canonical-restored	Canonical body restored; only the durable function note and this hash-pinned matrix remain.
# Relocation delta in the best fresh state versus retail: ClipR 8/10, Cnt 5/6, X0 2/3; every other semantic scratch occurrence count agrees, and homm2 relocs reports no base-only target.
# This is unresolved, not a wall. Revisit only with a genuinely new model that simultaneously makes source=ECX/command=EAX/count=EDX/cursor=EBX and preserves all 91 relocation occurrences, or after a real header/declaration-surface change.
