source_sha256	setup_match	sibling_outcome
9ab67deb4404a5b7343a3189dda974e463f755c0d253c2cc47d6e68328524c63	97.128380	PINNED
931d81326956542f7d3fa379e16893fcc792ea6995781c84ba8519c1bf2103c7	97.128380	PINNED
1596ab1ce00880d2889a20362036f8bd6b79ee76aa435db68fcacb99ca225870	97.128380	PINNED
9635b633db89d3e9651a49b59d1065eec2be2ff1863ab4d3b8548114d77618ec	97.128380	PINNED
076e470d46d899fd36f4404f7301fc1022a247d31596fb984b4374daa4ae9912	97.128380	PINNED
c3130b61d60de9c0df305f9b4ed762da8a6bdf4bd1f9332d58375cbb92f93104	97.128380	PINNED
990e3ec8ee43f38a7274b92c254aff478df0eb4c67cd0738427b9d3241024bb2	97.128380	PINNED
c7a994bd2d72ffd90d9c6ee38ba463ad0287235563175618d07d53f77dbf7a2a	97.128380	PINNED
5c64630190265f51e2eb4bbcb7cad43b1f81f3818b3600fc89b1f2dccaf322e1	97.128380	PINNED
3f8aac31596ecf5759e0562f4033e5b2ec0c406a92bb7d8377a9c79cdbcccf55	97.128380	PINNED
60293f62d35d1a64f3d4618194393d530acf1256416c5342a28e1ef9e302af9c	97.128380	PINNED
81cb88519b9cfaa2718268d65722c0507e1643689e67d1f197ba751cde8860b5	97.128380	PINNED
f2dc86958fd958c1602d85dd8907ee88f30ab024e5796c013ce9ad0a4543695f	97.128380	PINNED
9069ace0f7f9ff5e1f50c95d36d5f579e8d756ae8bf31b4dcb6777f306640d36	97.128380	PINNED
2730e5b048efb364c54f798cc00378416488d8c42e4e12f2bd5f5063aab1896e	97.128380	PINNED
e97623e097831d654ea4714c16ad02a8f9e469dfa0e42f9ba9a062bdef44e9bf	97.128380	PINNED
4091d70565d89618396e7a8933e700a15a52ec76e2622d6ed2a3fb6b7ee0daa1	97.128380	PINNED
641e0de2ee4d254b25c45d9428d99ac4ec65d1dbfb15efb503271be2af3c4fc1	97.128380	PINNED
3224bcaf8e9538e736f7e7509edfd937cc5a3105587a7f165543b1baa0d4161a	97.128380	PINNED
6fd33e3fceedc1f6175e3713791bbe0aeced5d2c1e9d62a3f004d14c34063318	97.128380	PINNED
f9cf12dfb46de9b146e5daed3ad99e45692a47a50979f0df224d7ce2e93eb71c	97.128380	PINNED
51ac7b54fbb146b4d5a494255230ca49a05feabae225e184f4a30f02a84b1b02	97.128380	PINNED
45be6e9a8cf7a929f53ec25dd41e2e67962f8f6b5e165c8769e398eec562a945	97.128380	PINNED
6240519e2d516225e55eb6df713a5468aa1e74cd58626321423147ebc5797d59	97.128380	PINNED
6b8191c54706a6eb7b3862f52349e76a1609f88a641cc2989ced42e734c0116e	97.128380	PINNED
e61b4f350e98e5ecfb21b77c498ce06f31d43ad2efbfa4e7d32b2f3be18516da	97.128380	PINNED
0db920154d24608db1d75a3740daa0497e5e1470c6eca6da37b37208e5113832	97.128380	PINNED
932508d670899eb5267a4165ad70c5e0a5df0986077087987c9cddcd8368eaed	97.128380	PINNED
a9c64649410f5934765470d1a4927ee820db8e288a6380da72194392af9f67e7	97.128380	PINNED
341bb8d2969214a0ebc431cda61dfea2734552507e9d87398bc7836370330e21	97.128380	PINNED
3b24ff21584c2d832c3c07a8a93c6aa8f50855172cd61e2fb84d1c2060c51606	97.128380	PINNED
f4b97dfd440c109cbd4abd68a426e59c52db64ba30d9b7bfc2f0b03c52eb1d88	97.128380	PINNED
668a41d4440b0253852fbfaaf74f83d5b573ba07789f51c6de9eb470596eca62	97.128380	PINNED
ff8cf67d4e0f6a252baf1f8ad190fcb3e6649cad124bb78522b3a685958c1823	97.128380	PINNED
e5ce4eda7c591a66199dd086d4cf00d803cc367be7e109bc186d3703b74a9a8a	97.128380	PINNED
5053385a24682484e53b003b604d1ccb4704ae6fcff9f9155ed472bdb9bef217	97.128380	PINNED
0f9f8ae5ef412a62273bb4e4b9346686c810564d5e4d208488c6d41f0b5dda91	97.128380	PINNED
56e91c955c9fd0e015862cdd7ffc38d856a350ec15c555ab4428392e5abf94e0	97.128380	PINNED
49e28324716c4e43fda8e5ef9ef7e9eb9ce9699a0417f987b31bac42770945c3	97.128380	PINNED
98e710bf928be1663dcc60ebaa31462b01c35f20d952d59074505f9d0c11a485	97.128380	PINNED
6fdaa48e97b64d6fd2f2e31e81de2e47e3bd86c610cd801c078a4444cbda3898	97.128380	PINNED
6b0e797a3d5e4048f48e5c0388cad7f6e3ac2ac1ae56bdcbcbd7b9232c5de826	97.128380	PINNED
28ebc7cf1c43fcf4d2ef68b0dfee3a175b75123ff5cdc7fdcff2d6542166eee5	97.128380	PINNED
8b755172a30ba119080f187883ccfb3d82cede4b3a20338d9b295abb50e931a5	97.128380	PINNED
a05487d37afaabc6e7ef3f38a56224d2660d1ec1a0641139fd72d988d66e2325	97.128380	PINNED
d3e77d21f2dee660a8ecaeef192c4bf9258b7fa5f3657b675626e2ca225550b7	97.128380	PINNED
85a6b8bc90c354999aace7beb2d7ff7475a0447309d4c56db4004b26ff329d1d	97.128380	PINNED
31deeb06d778a0b9b193e39ae08321f2d82cf41acaade8e39beba2b7626b16c1	97.128380	PINNED
e16905d2cc7fd234c1fe9b12a5148be8d50c8bde8f341e1b114c816b899bdd28	97.128380	PINNED
5e180df9acf4f3f42f9a3fd065d954ef071f444c61997bb3ae0b15f6b7b82b6d	97.128380	PINNED
81a3a6fb98427676623f70396f145e55d2c76cce6f3062d949ef69cd1094ce57	97.128380	PINNED
2a5fe7953ae4aa1e00a5c1dd3d937395bcb58388390c60ff221123c9ca17c538	97.128380	PINNED
180db779a2f64bc639a9a0cc9b8e07d8ead50d6385258a98df5e976f62014554	97.128380	PINNED
c57e4506a5e74de4744c1cce0320cb367662b03833d6e73b2ae09923cf4300c5	97.128380	PINNED
cf53e65c7c6857835be2b03e30224aef2fbb268c3f4eb4812fcf7aa61c7786f6	97.128380	PINNED
5b1162a8532bcf04cfd82c20c448df5501e522e5173314d19b969adea37906cf	97.128380	PINNED
bd5747932071b0b6de7ea0d9f5f916f8c92e6f5c827829c9bda281d306d20f51	97.128380	PINNED
3d654ef738c4561fe1cb61ea4a114502fd21a3c6f5bec354c75626fc015a565f	97.128380	PINNED
131976538e9122659228a83027cf46c18ca77a49196eb1bbe877e4bc751b5a36	97.128380	PINNED
c770218ce0c075291df6fd3d16c8fe8635e285c7fe2a937b74ca8fa68abe2086	97.128380	PINNED
f2db28777a9e50430d6539799121864f0ed0d02503bb638f5916e15a34defab4	97.128380	PINNED
e53387f21b3c5cd03926b3b7b914c7d1d4bbdddb6b232a460a40b09b11a2cc68	97.128380	PINNED
bafff1ff84f1f8b69156c3913288ef8fa86591c9caa442007a0f13a64ada6cdf	97.128380	PINNED
b103c66a6b798693fe493fc6cf7a279889572c501350457ce193afa692767d1e	97.128380	PINNED
9ca9fb6de75a10ea3a573d19800ca68d0abb50f60eae940f150865208f517699	97.128380	PINNED
54fb77f1b9035b7daa751768bb2bae43dfb3a1614efe34064f4d7f3ae3434844	97.128380	PINNED
05a10f50b3ee3ac5d104adf12106b428fbe8bfcc7c4903be6d097f977488f9b6	97.128380	PINNED
7cf268c618f562ea0d3cf720f0b951c6fd538239a8c347b341005304ec1453eb	97.128380	PINNED
4f9780785ede4cb8e976b71dc61c2315e27fb22cec3832fdb770e2cb90a20fc0	97.128380	PINNED
8772564a6cc1d745c800939538ada6eef5114d57e74034124eb011c1f3b3ecdb	97.128380	PINNED
22fc38dc6f6ff10986be222e6aa175e2b809ddca1719e3a0d6256450ebe9163c	97.128380	PINNED
8f371ead8e8012f1266ad53f2ce482f492b004d6a8086b0f0f5b2d5212404041	97.128380	PINNED
80ff3051ce61c35938105900724cdb58eb0a6e475af589dfe1641443f2ace2f3	97.128380	PINNED
24c95fd057cbbc1c9c6dc5c4bd78d7c202ec3320b16d2430c436cce83fafb724	97.128380	PINNED
708fca586f559b192e4f640e3f261640fd0df18a05d83bada115a64cb0973f97	97.128380	PINNED
6609440ea2548d7a572a7cca1e4f569d825aa2fe4fb24485d288222171a078ea	97.128380	PINNED
d2a32549af652b4ea0714197ccf977ff42634fb18f0b95062c7ae0d10ba89778	97.128380	PINNED
b67da643968bb6cc8dbd38fa7e0feaf9be3e857d7aaa8b74894478be3eaed000	97.128380	PINNED
a3f30efeaf06bce75ecded52c1a066c267741c3b226574a580da38240ef058ce	97.128380	PINNED
86e8cb1c655cca67202158fb3afb1d8b33267c311156c77cc26b1a7e0be7c900	97.128380	PINNED
cb2b418b15cb229eae0412ac6e749211783aee367e2c6ab07754d36722a44863	97.128380	PINNED
b93f50be55910729f514bdaec29810bd34ee4766247b1bd9567b7b99dbab2ffd	97.128380	PINNED
27284bfce34923aa41362b33e3bbcccc48e980fadbb4c98be4b031dea2556b6e	97.128380	PINNED
1e1ac8161b0bf5e61abb3d7701665d441e157dfb4c0fb44ab1c792a4352d4f45	97.128380	PINNED
b6c6fde06911347ee6d2054123d63b10609aaf586730bc9ec09344810ffb2164	97.128380	PINNED
6b322cb89be0e71e243ec4afbd2b7e65629fdc3acb8079b37a8ef7a9057ac31e	97.128380	PINNED
5c55b1a06655ba4aaff62727ae7c48b4f91547359b00efa4163fce0c94deb9a6	97.128380	PINNED
89367edd8eddf4b28cb6b9340d2a08c444ad9de7387bbd17235f512902d1f54e	97.128380	PINNED
67f887700d4e0af4703230a0c16e19c02962f40cf349a46de7ee03a448f1281e	97.128380	PINNED
4a4a288383391dedc7ee28a4d5402db141ec59459ed5060f1780c45df8c7452b	97.128380	PINNED
e5a1ac7afd15220593589855b6c30475f4dabd05ac46910a82c291fb11e6c70b	97.128380	PINNED
7e783b8af7ad3370c0ef812a4b48b1ce5b65afffcbd3e717782e0cb23481ff58	97.128380	PINNED
2ac15e9fa391a25f873624b48e4031ba5a11a0d28580391b28013dd30bba6ee4	97.128380	PINNED
aba04fb4b2dc4179ecdf5697814006458b4f3c8a1b29e15f69bcc845a61aed3f	97.128380	PINNED
f0467ad5e47c4450ba0cceacf47963b536f4149a91d138ed0eca320e3ee8a337	97.128380	PINNED
97761fe5f790302598d5cd52912796038de99019e9c187041fd23ca5170b4fef	97.128380	PINNED
f9588bb111904b74982e38c349474699a397704b99f2fec269b69b01d6f78b25	97.128380	PINNED
2ebe0816c7575cb6fe0e6877adf94cfbfabf355086799330173d15ca60405ca3	97.128380	PINNED
f1c64948156aa5595dfde8f248449a9da8620e9cfbbd1b6441852c3f6cbdf468	97.128380	PINNED
44e37fb4a43bb5bc8fa0de873c7476e729e5d1d87f3a6e300e446339890e059b	97.128380	PINNED
9920107457d214d00ef186bb0cef15c5e34614d2418a6a365fd19a6fff9ca48f	97.128380	PINNED
01d0927695f3823a19b2ba4d799bddd7a61aa54a60b8e26f5a9daa29e074d105	97.128380	PINNED
a2cc58c01359fcc1197fa9e78eadedcf059be5b49ad8eab21a503ff6870fdb01	97.128380	PINNED
abe9a948f6f1d1da9d7b1aa784a198979079cd3592454ae918cf26b54eae746c	97.128380	PINNED
0f94f09efd85613cfc984353e1e0f140fbd8b6e8cd1624993cae7682e1be340e	97.128380	PINNED
f191418c5ff4a6192a0d3391f19fd1815d11bae49be98850deff014c43b9671b	97.128380	PINNED
e12573272a5089d285ee1c761a03e49d2bfc47fbf4a2e356a3f4c93aef53b232	97.128380	PINNED
16c30914eddee76fef5b95c7f7f935c9a54b8ea817bd928450b01fcfdb3537e7	97.128380	PINNED
d5b305d105f814a78cdf95a9202f7bac2cbfe8ebe201c4bf62653bc859f51382	97.128380	PINNED
bfd1e7c4428567531ceabea31c99a7e52379fdb9b6f539fd0027557ccf515065	97.128380	PINNED
fe4b97f0e0b84bc95bbf9478394ad77cc49f7885e1736f148646d21c9b075c2a	97.128380	PINNED
ab171c7fb05f7709cb8928c5bfc5329f901bcba6b56fca0fdc4fcdc4e036869f	97.128380	PINNED
1820b203a8743b01bbec626a22df5dac8f8cda2f301cd9e5deb9cd36761689e1	97.128380	PINNED
8e1fa0681b833568060e8cbe085a626eb23e5f4fd07b20955b5c181cf5bf562d	97.128380	PINNED
92306c71ee6ae23334b1811c1797cb5824e3c68a85f422f125c210c5141cf530	97.128380	PINNED
c14078d3199cf62295cdb238e0785ae90f774148923558c781b886768778bf4d	97.128380	PINNED
0693913e692f35850ea80e2ffdc912a05475629c3f332de6e6d5de66e74cea5e	97.128380	PINNED
66341139a3d388c04be4fa8ae53d3eb58da6ca0445792901777b97b12218e2d5	97.128380	PINNED
bca49cd22f0afc4352197ec0b5a06ace999f9750352d1c0fed2ed0a29a46322f	97.128380	PINNED
de120e4ea8bcf043114c15fc3c285543dae68be503aa328544bc43b92055fc26	97.128380	PINNED
f06063da0df46c0a637b6f6c1af715888fc72ae799e689afd949cfd38425fbd3	97.128380	PINNED
c88e2c7b3e1a8d2d6212d850c426983e6d3a361e44d9cb27407478d9622ea1d5	97.128380	PINNED
28464d3a0ecd0991578bdb98057db98384bf3fb80ca9a02bdc37b06f03443208	97.128380	PINNED
b3774eab1677730ea6d92a5800430e136361227d20b3f863c544b94f705801f7	97.128380	PINNED
2fa6cdb81e8e2a439dbc1d0ff50035cad69adf10341262633c618bce071f7f34	97.128380	PINNED
aab65a4815291e60e55d0178bef024e28c18566b89bcaeb10ba11242702a1d3e	97.128380	PINNED
bdfeb39d6a7ed3d4018738b4251797e6015f7622dce0357fa3308ed633de470d	97.128380	PINNED
fde8c64b6ed110bcd4d034a2da6a083b8ed9b5aa092063138581a695ed3ada5e	97.128380	PINNED
e292e93b246dd38ac2fa14d320b67ce987523809e45a00400b1fc83847b3eb8a	97.128380	PINNED
c6cb6bad60239bdb86f66eec6ae605c69c20aeb10164c741aab6afb62bc645ca	97.128380	PINNED
d4c63ab8d511a0189ec4db0733a525ee224ce03405af0d6a01537abc01d58fc1	97.128380	PINNED
f084351171637a1388d2cae7bcef1544ed64e6b234489f8ab268b099beb4d45f	97.128380	PINNED
a4e4a672323267af04e13014974b0a808f1c38e478b31db96c3f4790d70919e2	97.128380	PINNED
4f5c152750c4845dc5f1db02468173dd774c1f2af471f9226706124650db1d4f	97.128380	PINNED
937cd7417a409b44e31e2d4efdbbfed7556f28a3e018a4c39ae551f280068375	97.128380	PINNED
34d0ceb299d5f77d8bb9de148e1e250ac0c2bd008cdf961745cd69b058f4a1c1	97.128380	PINNED
ed17d4b0657c9abdee103cec63f0b635a05049eb058e6e22c9c6ea95590fd923	97.128380	PINNED
c7d3f9c5e348f1cdf1e44a08758ae3ae5beb3bf0a1ae7e12e814c0bc619c6807	97.128380	PINNED
466a079d334d5372d50d25fe5dfa994fe9569f3f14a9d1b1a11ee6292ce9e5b5	97.128380	PINNED
828361bb1d100bc90d280afd66148bfc1d4485a26bcd31382e234b21e59d8e22	97.128380	PINNED
21388662e35b2a49cc37b3301aea44ddf32a479126a024fd4fa6d74cc13b4037	97.128380	PINNED
a1d94d5641cff34dab872f9740d89bd98db6368480da63bcff6d4c6e54bbaaac	97.128380	PINNED
4446b0badd1c996c41f4de9ed8fb8f9b8b1046a6aa777e331dfb308c8823e7fe	97.128380	PINNED
3c66c2a600eebbc0f62bc18fb22e4da1be8babd7e0eec5ef9951ccdb2186917a	97.128380	PINNED
939df0fae3e68f2d252ad70fb790139f7df637736fddc8d57cc3b53b52016a8e	97.128380	PINNED
fa15ee5582444e0f61269e238cd62138f7097a9a44e301a0a6906b15ff6d23c3	97.128380	PINNED
75b750aa2bb42cb89bcb4953e121a509c065d606e911e731563812bef1b40792	97.128380	PINNED
c5ac26c5161c90195be45deb7dfcedd7b258d40e3d78562b84f406a64c3f2f2f	97.128380	PINNED
7d41e69093d6719da303c9c39c9c627cd28014b2d4d3990a7b2835cfc01cb79e	97.128380	PINNED
86a0d0f1876fb7b5a8f1aa1ae90c97f1146aa19893755620bfcdac7ffa03e1f7	97.128380	PINNED
52cc51ea472c8f3a09008e68a5472f6ad6d66d659ceb73dc0424d59e346a2e82	97.128380	PINNED
86a87213d968115d8529daf60f0ac4f86cf1a1d797b60a935a62b220341f3cc8	97.128380	PINNED
f88c65f5d767ba2ea7cd6087bb856775cfe1cc1a5bb33a0db9e128b1f7ca7ab9	97.128380	PINNED
e0eeec89e49b307455a94ec56170cb5f14287b6ce705839289feba8de30c4ccd	97.128380	PINNED
2da512b1ad2591a7e44a01e5c810118b28592a47d098fdef3de5be545bffdf27	97.128380	PINNED
89cc569d79cefd976f9bb48cbb0aa4a0e056fc17f762f04afd417c66626fa109	97.128380	PINNED
502fdf7e7886017fb484f40b2b9e2fbd546fbe14a4185a24569909dd0c73da09	97.128380	PINNED
26dad7c638bc24b8c99a8e4a64d071bab582f1004593f17e48e2da6755bfbe63	97.128380	PINNED
1561e1eba8b51576d8fb76fe7d84d5013a1ba629ad98947e53047705cfa9ee66	97.128380	PINNED
cb1088e91473bffba0b1fc316e6b43986f6a979985f2a1262177d0bbacba8967	97.128380	PINNED
7c054125e5b38e20215f8b0baf709dca199a89a23f035a8c97c96f86284c8dfa	97.128380	PINNED
b9832a451f820335e6e051251f7a265ebabe30da5b6e027276100a63eef8f6d0	97.128380	PINNED
556d8a3ecf27e058e0b1ecd70029f9350efce273259434e5e8fcd01a71ce115f	97.128380	PINNED
11f1e7b5a70322ca96126569817f398c8598829fe0f4abbe7b98265d046f6c6e	97.128380	PINNED
9c28c03a1907a1491e22b453ebef21a17412893336d959743cb9090f47a6f1d9	97.128380	PINNED
fd82b8d8a827b0facca9ebd967613b1b8614239bf09715ac87f2619e5a8e11e4	97.128380	PINNED
da570f6d20574ad4ad7b381ffad3aa737df24f71196e4c0f0bdf2509f5292807	97.128380	PINNED
16196d1fe7973c138e1026d23971c19978ea487b041e2d974082841f34992a50	97.128380	PINNED
f6d09a775fe93216d3289a1962c8e53ab5d2c5684bf394780bb3ffd50ee6998b	97.128380	PINNED
a9085573d070bef26786e3f6351e47a4ae89138a0c5202f9e88868902fb32f4e	97.128380	PINNED
ddc2279931e345514fca3a4f9e638862e882f6f47f6f1325a76af215875f089c	97.128380	PINNED
49558f8afd66c59ef84e3f792b3aa742554d24212416cfd5a47ec6be9c6d9de3	97.128380	PINNED
49b2519e6d8957a58c0bba5621fcc1e1d257b7dfb05bea0ecc5b9e0f79b5fd1e	97.128380	PINNED
80389cb4a70fd512e3ce3de9efde99407ff4d4092fcabac88795286a073d12c5	97.128380	PINNED
abea1a165408f28a2dfd5e9bcb281def74c7b82862a0f1d338c066026576124c	97.128380	PINNED
f5f541d350a2388d95aab0658d93cb6d8adb5071632d455b4d1fe3603a9ddc73	97.128380	PINNED
46da16ba11411ae6054680a05a43eef68326e5b790b632499a7941cad8cff487	97.128380	PINNED
0315f996c226fb87f64870bdbb9b662ccfbfd1bc346721943efa7924d8e90b6c	97.128380	PINNED
70ebb82d5a5dfc6783a75e446406d38a2acc3f78b79c0ad230df438c8c6a9e83	97.128380	PINNED
6beb92062be2c80c917e1e5649a5a0ec205203ce2a4cc71c6c3d37e642a3a230	97.128380	PINNED
465ec72bd8b6acfa791a877666d4bdfd9b923ff3f22fd5218f8c30395b4f6046	97.128380	PINNED
467e6e169792c4ef5dc51941051edab53171072a98d5281280fb13989c5a2e77	97.128380	PINNED
7257253ff2155ed727eb6450c75983fb4c3d7352adff0a1d9fc3bec23f275277	97.128380	PINNED
e9caec582c52ce78bc02493d016971f8877d49e7bb3517b6e758f54367a28772	97.128380	PINNED
41b3a6c05b324365c314f816206c0ea2e478504633bc677644125a2016e29321	97.128380	PINNED
15b5d655c502aad55b46c9c1000694eb5767b28cfa8750296ab75fa669baa79e	97.128380	PINNED
cb465674ba7fa48fe04131e04472827ecb2086c8369148c2c90c12e7e736e7be	97.128380	PINNED
82a626fa1beb54ebcc348e9ae7398d72cecd8f0fadde7ded373ae3fcfeb250c7	97.128380	PINNED
41c26ddb33caa9f08f03d1f62a733a36228098e8ba0e2a157131d212e3e9433c	97.128380	PINNED
1fffc867eb8961dbd92a2cfb2a3c642a7e432b907a069ba4df2113d45a381684	97.128380	PINNED
b9632748896608df87706f4ab67b322635249c7e096f39232206003f12a4377b	97.128380	PINNED
ffd9662f15674f988d66feb3b0966c7c698ead9f40a9e437c15d77e686867fb1	97.128380	PINNED
7c201f6f30d8fb9c2a8df08f85377ad2297be36a5c27b88022e6c70514b651f1	97.128380	PINNED
156e52496f857da4e3634bc099997e0401cad1d85346b999da34a887a30788c1	97.128380	PINNED
2c767b65732e3a8b64dc2f984a00cd3764f8887cecd9e7572ebbc3ec32d02ae0	97.128380	PINNED
979a15920702a86c4e6abfcf470d74c5fcf34f7466f6e39661906a04b7798476	97.128380	PINNED
f7c81afe646d290f14cb68b01ed2049066fe74acfd623934c58335bac60c39c7	97.128380	PINNED
e317130db24f315f4d8345bde50be6ca253213f024eb19295bc263f771fe8fc1	97.128380	PINNED
7067668ab254ba11df02e8e4ed2759c69e535c2f7d114ddb76460d27239de1cf	97.128380	PINNED
314ceef9468d82d2b08d63928ab0778fee3d446db147467273308e6e33860146	97.128380	PINNED
7332c457a4f35b0755fd1c0e1e682dc6364dced1dd4fb521174821a1e4f42eb8	97.128380	PINNED
0695ee3e190df73df6b3f928b41b2c971d9221e3deab97a7a4d439578b437a98	97.128380	PINNED
8724fb3afbe9c5e01ec2fa0ce579ba7ac9b3a238077feebcb60c5b0f8a058374	97.128380	PINNED
63a09c35df81f6bdc6f4c8ea46079c8606af6056c2488bcdadced3d7c699c163	97.128380	PINNED
5e4d05cd5965bc7d39cadfb8efca0d55004847dcdc9a1ddf150d689d3ae85ff0	97.128380	PINNED
961bda0b18b48141e053ccec7ce2287a5bdd56dbf13ca807057c7eab294df88a	97.128380	PINNED
f730d316104f9993b3a03102c2c3a1b1f5222930937884d40ec7e926b8ff1761	97.128380	PINNED
be11ad52b33a9295811131363d9bdadbe63e333bbca2faf458184c59e779cd98	97.128380	PINNED
8e85032a5a65b85c419821d49867ba2e62405e8c7d14aad535310c36928cd10d	97.128380	PINNED
8936f76440403364d69b90289fd8a23fbd1ad224b4d42424ad43e1b9798ad2a6	97.128380	PINNED
3d090510762937abe0199541f24af2d874e549c08b864516b069004ae2ccfbec	97.128380	PINNED
bf4b72d3539cccd62db6ec5af38efd796f82aacdb5b6b81c78b560298687fcbb	97.128380	PINNED
03d02b239405d8a04887d25f1e537a0c194c65d03316943af9afb7ab7b4c72f7	97.128380	PINNED
81116e738ebd05b442dfb9a2841473faa6e403a6001c557532bca4268f680cc6	97.128380	PINNED
07961e001c2dc8430624c880e7f8ea1ff3f8440d1fe3247a9c47d2b71cca36a2	97.128380	PINNED
90c59af11460eb12c4e1bbfb9f83b4a1eb4a82f4da001f6da2d185e8c697a2cf	97.128380	PINNED
2283dbcf5cd336054a501c0593126a1c9fcbabf62aa295139aa8d60c66dcc540	97.128380	PINNED
afa25aad5c7f8424beaa219d753f41e213d9c6cccebb8e2211fec567d4c3929b	97.128380	PINNED
aed3b25b5c0d3959b7a9523791805f2e96272fc15114176ad9bba38b357aaaf4	97.128380	PINNED
016295604b19deb398e5f10dc91130c5c8c039b0eb27a65419c2d7cfc0b66654	97.128380	PINNED
53ad4c96865241c26bdbadef1336cb37387b2138b900991622542e6e2313e559	97.128380	PINNED
e96523978ccdbb194c3a3d868a13a8899e8467b4cbb0974d50bfd7c9ab6a45db	97.128380	PINNED
9866d16db87105a36009717e557d86743a0a88d606f4ed42a5549b3fe2822164	97.128380	PINNED
cb52dd73eed86f7091749d67fb8cd962f833ef46ae9c4f4b021a427898a564e3	97.128380	PINNED
dde9c56f6a5324bb9cdf8aa30c89ed7677c8543629592afa1ad89210bf7c64f9	97.128380	PINNED
5138c2c6dee9d69c0063be4743f92f1352b6a6631df45db5afa12c646d59074e	97.128380	PINNED
476ac07b4e7db005166468661b8a8cdba5b6e2a31f24ab6ac9b79e1f22b07e71	97.128380	PINNED
cb4a1965e565b8dbd35b59ba23caf37a6bfb1714ede415ef6040511805a0f677	97.128380	PINNED
f5b3faf0ff4418f4ee99985ac0cc232d1fa670fa2594d6deb6b611a7c183b025	97.128380	PINNED
fd29ab615978a38cb62be6b4e9f2dced9c80024c903d3a9682bdac13a34e10ff	97.128380	PINNED
d2f844ff665690172c9302739c5c12d918734dba7f4e49929bd64368c6062f12	97.128380	PINNED
122eff1ff4a5bc9f2b3d8f2504cd229cd46f4a8fdaf043dbf851c25adcce9883	97.128380	PINNED
3306a0cc9f388ee7d742ef7e22cab38f6aae17f94d34c3668b8fede3395c1ee2	97.128380	PINNED
c6f6677281b16195ea2ec8e460b5cea7a3564c4d29e548ebe37646a70db59e75	97.128380	PINNED
c1576b482ccd85bbb6c39d7261e082bb6d49e976a8c69b49ce2eee9d34e43cdc	97.128380	PINNED
8a986849f99fc4787ec38de959043f2dad07400a90001abd67d558a94921e367	97.128380	PINNED
73028669e29c6a83a8d5c252fce3163ba9da8c0787ffa94d8236587cca03d184	97.128380	PINNED
cbaf401001a12a36d94e9f9097abbccbf3939e85ad92bd11d978d6a205f5e418	97.128380	PINNED
93b712b360a4c5fdccd57970e5160708ff4d9093614729a92f9c4d302a4d29df	97.128380	PINNED
0f5c8aa1d89552a8bffb04bc73edab1db64b134440c470a7736f17db2e8eb8ae	97.128380	PINNED
fe76b8c0086254ce69f8d6ca1cb92753bb95e7e1dfa2e58e3f304765e6ce6b90	97.128380	PINNED
2194ed8c9c6f73d1eaaf944273904365b1eea7640023a0185eecab052a22c821	97.128380	PINNED
153e5489c6626ae0b507b7809ba46fe0e05bb9477eb7c84f4d0596dc4e34bd55	97.128380	PINNED
541266e56f2b7238a9a1facfc69ef947b1d3674b683a5cf0a1d7424026834fc7	97.128380	PINNED
55989f20ea6e6a5c89b7f8331cd79eab04dfc493b26d2660b31f7ffd9ef6d09e	97.128380	PINNED
a9a02cacd17525e31eabd60da9cb0abce205775f6754aceb386fdfb6a9b86a33	97.128380	PINNED
6e5685323553e02ce6dfe91552ec07fd0c27f26591651ccf9ad098ed59ac16ef	97.128380	PINNED
74e92f12c096de32fbdd32a5140394fff7b61176c3ef5648341ec9718257dd97	97.128380	PINNED
0bd69329f0f9307375e85636e03466845deda9d860141574dbd86aa1595754c2	97.128380	PINNED
069c87ee369ef422e3f011ca133a14620bcacfb00c2fd27b03afc1d4e1b3ffc8	97.128380	PINNED
c6a89fb6337ad31bf514a8bf6dabeeff12b760ccf6f8ea695ff7ff6327f660b3	97.128380	PINNED
53b34e84b9eb8c91fe06410b31c87761966ea7fd4e04ec35bfbe15a8afdbc57c	97.128380	PINNED
18fb1e85531ef5b70092670a68cd16e0cdc856c38c4e2366dbbbe941512a9bf8	97.128380	PINNED
0a35c10c831f5382d2b626a0fd28c94fe50cf7bf96127ef139911901bb0439a9	97.128380	PINNED
8dffe211246664aba0b6b584cad18508f601487b68fb2e4ab20fa7d95229926a	97.128380	PINNED
5f2b7207e75b86a91e36b0a10ef062fb0239fd20e728b4c52f04348ee2b1a065	97.128380	PINNED
97e45798fec931ef20f323f46a05124062b85c6b342dcb682945b484442b85b2	97.128380	PINNED
160b1c904b97f6b84bcb73c6b33f860b10901ee1392e7e599632a2b504e404af	97.128380	PINNED
b79197f412deb036bb98110415cdc9631fca2a35a074ac6c3e91fe89ac25a47b	97.128380	PINNED
f9b3ca3dcd071b7657b6a4c20e536257b2bea6354c9a9cbac522b2a2969d8f15	97.128380	PINNED
c690957f61f45357d603501ded0bdf1516342a8721e54ba386bf2f3646e6c034	97.128380	PINNED
eaf72a23e286b7dc812a07e0bac3cb10698d85f7434cbaf9d0bdd42921871c59	97.128380	PINNED
3b799f0c4a8ea52ea18c77c3700df98d5127f76220777c524e9e8ee29d49029d	97.128380	PINNED
374be52c9a2fca22d688b86dc1219268aa78d8f7a21742c88e45c72594cf8b0c	97.128380	PINNED
398c7d11c5b33f61434933a7904768c5ad33ddee8eaf7699e1845c39be9e22df	97.128380	PINNED
e5760e9eaaa9631a4b654016ccbc672713d5990f5a5fca6d13ee05aa4881676a	97.128380	PINNED
66cded808cc0c07262397271ea2fc218ba1195da71b46f0e47d7ccb0a112c1d8	97.128380	PINNED
33ca6e920f07d7847365ffec8ba70ade4074f279cdad29759aaf0f51f4a24aca	97.128380	PINNED
e296d7eb1db2317f76a5fb8cbc92dd8fae18f025086633f1f7e403964945ef9b	97.128380	PINNED
cce0ee2ba2ab3a584e918ca1ad24cba602f90a1b016280b4320a0f41af37eaa8	97.128380	PINNED
fdad579fa7b23766f1932733351230d3a54a6b43de5e7194d351e12fefacf6d2	97.128380	PINNED
a1377fdf3ccaa04eb67c13f6e974ecbf0ed7d4ca1c1a76fe47efc9122ebf570f	97.128380	PINNED
8ab1f6ac89d307f5b0f6c16b662c44fc3b6ecbf27130347dc379620296adb999	97.128380	PINNED
7c65c64e2afb672ba264f92be820c74df42d82f7c0d12910e53eba452bc974d2	97.128380	PINNED
892e8fb9632ee8be72a5602929e7e4b80b8e7a7cebee189f8fb2e4452bb5073b	97.128380	PINNED
e3ada0a3f6a77964029cee8ef3bca1352e050b67d9d2bb50b1e4a9560790bc02	97.128380	PINNED
5714379380e415b75c97701b2fbee73d30de354df33b2b0a13829dfc81e69c0f	97.128380	PINNED
a7255dc0f8f871e092d9b2883a2eb2a3bd8d08a4b34a5a8a2efc9b57ab2d893b	97.128380	PINNED
a457ac1dadb0cad4ea915cd7029b16dcc8b10c59fed76814c058376d094128f0	97.128380	PINNED
e0df4940f217111c9a8c39e2a8f665df61f6418907bfdf88ba2ee3198ca5ad97	97.128380	PINNED
4cf9fc868a07fb8fec8dace9d3854530a8324349ecd9217e51c115ed0ce1aef6	97.128380	PINNED
3323271b2406180206da8e87ebf02c5f1a4553ccfde7abfba09f9f290265ac0c	97.128380	PINNED
453bea3afb48040160ce221a89ced4638f5d50af629df778aa34548188c128c0	97.128380	PINNED
4ab64d94807ee8ac907bade9901a5d6c27edb299f08a30cc8c6e4941da3f8e07	97.128380	PINNED
1fed3cef827ab42e5c063c001eee6898f4ada77a62680babb1b86d04b2325c76	97.128380	PINNED
ec812d54fa58cabfdc46816c18e0cc26b91803de9e30cb234a0de0fdbd9d541f	97.128380	PINNED
