adc0b76f9c9fc4c43129d8790dc889144dacf7371bcc5e3ca7ad6cd94d7df000	98.58696
025e055264575a58e3a50d5a6e7c90fbe6ae0056be194f398026291445ad85d6	98.46739
ff91f468273518a78307880d28d51e4d3f1679db23049860d73f366cda46eb45	95.152176
e5640bf3325bf33856478038985325de3f3d4e35d57575821c9086b284d4fa37	98.58696
0a2527ee1b37c59fdf8b301b5f401161013d9376e3de5b26d3b890bf895a2f18	96.29348
7b88c58503871820b3ab546c31cc18c8e5809b4b718d662fbbe58e54c29ec40e	97.28261
d13cdca9093aadf1fa277449385a38d0e681872c81c68f01a7fe3b2292478dd1	98.58696
71f764c7bd920bcaee2878b3f14fb602c1ca6b6e3f16b78ad59973fe737f7c1c	98.608696
36855339476d03fe743f008ccb3a67aea1f384816246c5f331aa20ecca2ef1cd	98.608696
adc0b76f9c9fc4c43129d8790dc889144dacf7371bcc5e3ca7ad6cd94d7df000	98.58696
8b782e0fa45024f622b739beb318b8868310e6d7ecdc28dc024ef70251e0101b	98.445656
f253e6faa7dec80e6d132f3f9792aa8fd563db1a2da09594c5cb76022b7cf268	98.608696
7229be7695ce455c1e9d0d2153829da3c863e3165777a6be110ca826339eb6cc	98.63043
6063fff752cb87b5335e8ee7b0161d64b995a8ba522ad1323d8d42e790120903	98.63043
325a006dbbfa99d906e2809b88a87e19da63c2a02b8894c219ec74804a430a6d	91.11957
b8f0f1dd44e72005d88c6e498267efd8981dd5818d24987aeb462a6c09106f51	97.32609
d6bd77bbf77669cb6af43fc58178431faa0c78e365d3017816f0ae5a8dd5622e	98.63043
9477a5ba27f1da554ba162b5bcbbf454c6a020c9e2ce976905e493cf88478135	98.63043
8ae90c9e13f25d41c8c15a0ce815cec903a743e600db297ec88682503f0f0490	98.63043
1dc4f3eb7e3aa5da3f3b325aeb00fd9356334c5d4a3d16c2afdedca934380c3f	95.184784
bef889dce169d61d9664e72806829ce864968970c9f73a74ad7cbbf937a09470	98.61957
d282c2be6195082b9e1bd1accd72a2e08ab220e58a1fe4c388f46b7a1c4fce52	98.608696
4de3d71288136f8e53d5fc4bec135a57246293459b835e830c1e50d49b421fee	98.48913
cc16e0d26afb8127438d661819cb9fde4768600601b7ccb20b94eff461ec6c01	96.03261
abaf91cc2960b051e01c10fb7cd9530cd6b687a0dd933a557ca201b485df9338	98.63043
5961bdc740b1655ce504ecb3ea609be4e122eee8430672fa394cf2888806d60a	98.46739
036737b1ddd58cfc424ca6393dc137dcdf6135020c0554a393ccdf3deddfcb26	98.63043
a8a6b5f521040c354f5fc082ee22c6e8112392e7fd5d9902a28fed1d01fde6ca	94.978264
c73a7701878d364cdc177cefe65318a9462984e64ea20503f7abd9f5683e49c4	96.33696
b28fdc5ab88ab4e5bfd3e7234156ca176b724e9a1516e924b3e12693a1ef56a1	96.054344
cb67d415640a5951cea2144f0b40169b47b2dfa472440d235236fcbbac79449e	96.33696
6f43b58f2688d1cd84c335b75d1f310993a25f5099be8847187e32a173281046	98.608696
dfc2f8e71e12352954d845686b137f3e2b3a235af0b3b3c16fbc25c2f5de31d7	98.61957
cbbf8bed77dc95381091e80243302985b229b8b64da5b4583a3f3a162e83a38c	98.63043
cc7e744d34b171ddc864a3455d6335179680852cc4c74fc65088dbf4752c7f4a	96.33696
bed28d5bc4ad497a1323413f845fb5e79e92363087224f1a0a4fa2679ce01d59	87.67391
ee6e1f1ad8934fc732ee65fa12c78ce93e92b3a39821e99b664a0bd209ebd7a4	95.021736
ef000e64935d0b95af4c1d78682783716510588cf15cbaed51a19410af44751a	98.608696
8bde4f8c5c32ffb1b3114edc295b632bb31cc50ca77f218556386396f27d6108	91.29348
439f6d07a9b32dbc9228863ffff03703ba03bb4c78512906aa633117a40847e4	96.33696
ad7ce437a3c91a0a0bfa79bd37c9b2b164d8ff98113a55adac8de007d6f8eafb	95.847824
aec96736bae3355c1d87fed8de9cb16a9c6a85a8bc9466be3c8f7b682149989f	94.95652
bcd1bc0a3343f64d18ce812952083e046dc1bbcb91aa2b5b1a686d38d8ed686d	92.684784
07f3003c236bf2ba068c7ed2e8b012b984729bbd4a502d692a70f13661b73b59	93.66304
11c9531af0af45cabb264cc60a016b00be3efc49fb1ebf2411fae650ed0925a5	87.891304
01932d1946642472533c659bcc0a2b613360bbc2604dc7e3bdb20a1c86ac0edc	97.315216
e9cbe7d8b5ca1a351a784b731e8db02b4c5cd595af5f1397d1ae9f0b2d15a46f	97.32609
b7b5eacbec913677974ba3d6ebf9cd7647e8cd6a3a569e058de424c03d28588f	89.29348
1b50dd0ce7769ef87398c02cbbcd61e1d848f7f4836453ce856323390ea4324c	94.79348
7c450b1a47e60566d3d22b5a35c6cd81de86dbe09eb5476d0998101e9f8338ff	93.71739
0611a69c784713f1e9bbf8d65f55303f30f9044ad7bb19f2560dc228ed9ad221	94.945656
d18e6a2d4ca2d1975dc9cac13cd783906c55be5774c6af1b21cfd76a7365cf1d	97.33696
cf54ecd7fdbb02fc2681bc483af9852a3ddf80c0450bffd74bd1ef39e715dda4	91.53261
4168c1c90930900fcb2fa4e959e55ce8ff9d8e5294966548810a0d32a1539036	94.978264
91dd098cd1cca6fa31ebf23b0d01e0706c4aaa2e641da2e8a2476b9454d1a951	97.36957
1506dabbef770d98f3d4b4d1df25eab9e6705465561b00912d289e6fa1337293	91.108696
96f440fa75da2d6384cddec2e77a51f961c7a5e42c1a0b5fa20a198332354174	93.858696
774198b8fbc27e6d7231be6fd397aadfc2a88c2c2f7ae86bfd050dd9f9f0d11b	98.608696
5fe88fb2bf635a2c7554482aec9ed74bbf83f20ac1fd7a2bd94d77fab897ed51	91.28261
7aa84562f2f97482f534b1f79a966ef5f1dff6f2a90f9c21eb44b63d9a03921d	98.478264
545171b3b8f5440bbe6cd097d725e44e3abd12c7898fa6dd33aa9e49eaf4726a	86.48913
a12e1bc93566ba78bd32c98e1419b09635d038d0d29a424f0912d8c549f31fa1	93.652176
28d3d912c65a08e3393e373686f31e5e794b4f9cab30ca5e8755960c55355305	91.271736
815ac812dc901ff3d3b268a759b5e0189bfbcaa3a32bb006872a072ae817404b	89.13043
b420119eeaf4cf923b3cacab63e86d4568ee7d977318e10a5e2ec60195912a80	97.228264
9a92a64d931b99996a29166ec8f66a132c21e2247665308577ddbc9d64f652eb	98.228264
e7452875cb8dbaa379244c9feab314c1aff49829fc042f3d725846599fdb5945	98.608696
8e0ea6338a2f85221c674d27187fc614df96dfcf582e7261f1670c0d6fa1c1c9	98.61957
2fd5c913d06dc4e1c0a97e886e21bd505179be94d264f735606220f53e00e39b	95.891304
f1a89635677fb4eb33e13b07cbcaa31fca24073c4f926b475c5ea7eb14291ffc	95.20652
b4cd89254ee9ab3a4e01a51f4f6f07b6e0cb068bbd971fe462a67162918ced33	91.11957
e3936b0f8be90e2be8f8eed55c9ea0269c57da6379efde47b3168b11e8b764a6	98.608696
f51a88c257d2f1dcc715f1002060e9bd10c3efe63121859c3030573a96e4b4cf	98.58696
8029bfbb602ca2669dbde05ef6233f443f89055372057a7e203a9c61ceb2af9d	90.228264
c344b05cd92dea94c78b44f6123cf6b50be021dde1ff228bc3ddd6ac8cf08792	98.61957
e82b4fd7e388491be64dd56e56a5b153f19982a656b46cd0c256ce24799e686a	95.891304
a74dee416b4cab3a2b15180c6dc2edda43c734d34b8e5aec1ef56efaf4bb04f5	98.63043
3c4749d808e7dc85e121bbfaf0c5b7efca5784eb5128fc3dfb4d9ec26d3a294a	98.63043
4a15154114b4b2e42ae896b53b12ac46fae6284f18aef6ef7257b88b6db02634	89.0
cf5d66cb5f7007ff426ec8d6332fc3464e8fe426833e6d7e9ee51e2d32b952a4	94.82609
f413093270831b76b80995be8f0b0d67c6c4e511a93f0217eb0f88b61a7aa2f7	91.097824
a130342361fc7ecf7f8ebc264fd8a4cdf9c980bdc40d4aec9a3d2698bf79859a	97.347824
9d00ddbd8cc5577700c8b514d6787a223ae0557ad87cb911aa871cebb1b072f0	89.934784
b61a2974a0a91c0059eae5d63ca79875d33e8434b9c696d2cd86f19efb9eefec	87.71739
5c6174eab7046f08522353239ead3b49513df2906e303af4d1d072046ef69b51	97.25
39474ebe5db3034ce6e0bcd688c1c36c80ad80b0a025091d9f9bac3166a114fc	89.815216
5b397cfabb3c234d20add235d6b71504c70f149421e2e985bf21b7c055199acf	96.33696
2426487e6c6b8ebdb4a96db1224986fb3fb083661e2f9bad68c186e825e24f73	96.01087
e56b9682f18598dcbc3fd79d1daff7b8698c99c9af5d0bbd8ae41e2ecc15ccc2	96.03261
712138dedea6ee42275124174cac363e9c254e2fb01de857d358d929ce06ae1a	98.61957
cf3b9327d6f869a3dc12de11f5970141c92de6a733017b359b13dcb3b531ef62	98.46739
a5245ea346d3fa566910dbd7a1a660edeea7b2baafea56bf7c0b87f2d4921e6e	92.554344
34a9ebd4e284f63b38dda54e6efc703ca899423a8ae7676e42c3e6b9790a48e7	98.608696
23d33771f33fe4715769fc643c5db4f02d7472593e1d0a5d3164efcc6a0190d4	98.45652
35cdf381da7aad04718a00ba05be9fd7da4a3db036bba515600c45518e9a76a2	96.03261
49180649c3d874dd573e7f67225485a161fa629862002a1043f669014192ef1f	95.184784
97bf28ec3d37a8088ea752f7876c60faa4fa97618dec6b97a9301a3a4dcdb93e	94.978264
a739f3ca0345fe7ef6b7113ca90b1d5670f76f00d616b7e388eb2dad21681f19	94.728264
c0ff60bf0a9945b231fd6799018f245d5c7802a25fd901e32992d3d4b5a0c546	98.228264
c524282bbd4d25314a534fc856ed3722845d71481b0c750ac073dad6870f4669	91.097824
a93cd53ffd7b3566cf7ad4b6e89898ebf4748132f43c4f7cc10f4aef62a5ab4a	89.82609
d376d61a5ae846792d4c46261bc7fe9568903ab49001cc3a3eb7430f7edc7d5b	96.03261
21040eb8291bd9a22416029e8dc6f966790e9dbd5d40413bd4962badd3ec0b8e	96.33696
8761e066d6d81a2fc5da5537426ffd13c5b39d69e25b5ce7f4326dc62251bb21	90.95652
029eb4feeba1eaf914ad45d3c3e03b8cb1099779375f2c0d4de2296d6c347064	98.46739
8d1ce6060edebe8294080e98860dfbebdff2f13bd443a1ac62302a5720fe2397	98.63043
9476a731f6f0bc158557735427007f4ccbee1242e2ed0f70c884ea6e9ee26985	98.48913
4fce42e8d03b1f4362bdea1a502f3f30fa50a930edc844284049268db6a5b779	96.03261
8b0437cfb26872858640528e59acb33245d246dc6ffef8a2c54c03ebbbd8ae62	98.45652
49235903ca5f8b5f410a405090b67f6aaa403ab593ff52a350cc875457f8cbe7	93.71739
70e71fa2daa5c092feb87d83cf15bb7877f0b4cdb120b6de0b25dc5334e738b6	89.91304
cea68e7e171e252ca10c926acd150f3b1965584e9afc29c5fe6d22649d064ff5	95.065216
9958bab1b91e26c8115de810e6d6885ddb1799a1e2dbe81c213bf78e1f18e842	94.71739
660e9af3a8500e8438de324f5d89a1361fe978b25f3c3ce65686ffa677d1101f	98.46739
377bd76c4a58a9328abe6a0eccb9d2e836c322ade2c29dacfb375ff7e6716e9c	98.195656
d21ad17cba9d6d6801da5413bbf609a7d7eb2988f4dc3d41f97a7a656af2217f	91.271736
87e3e20565f696550dd3807c01c91281d65e3f5eff6f9edc6ee46b5ac9b3158f	98.46739
abd8d042d8f88a4eb5198eedc506d8e7c843c7d4002efab746c9857006a6404c	97.32609
f60adda1009f1379e29f04a605f5df96d1ba5cc981b2e2c1eac45d89d32124b0	93.91304
025e56f30d59f4428d8f4ceba1334d4b7dbb304ff278b1dbe16878a4b22f240a	97.16304
b27c012dfc072e5aeccf756ee1ed487e895d870e1162a4c83e2568bd8a2d05be	96.03261
8214a2f446b588f7f7cd85a703b82aa200d8cfc208369e8cda0c6bbd740f203b	97.25
4942d91446381472391d7bb47286f26870b35fa50c7b94bd4d3f72c12c6f1999	96.33696
2ce93ad1bf795a8167c1f95e1702db28b6daeb8219f81b746658cb2328b65bfe	95.152176
7e69b5d545e8f1993ca34f7561e66da4ffef96cf494ea93a3708e0b9273eb89b	94.934784
ee87eca4408fd6b64ce8adbd6c6e9e049b27e03e5ab621ac97fc5d0c5159e5e0	98.46739
9c264a1a38594b9c1b38635bfbc29835de5630a29b7ce5a0cc8ac021573ebe52	91.51087
5a0fc0284987cbd107d10410fdf607a0f66187a61ce4fdbad2485dbeeff60e3d	95.17391
66f36fdbeaf745d44d1a0f95b695395963dec634d0d3b69932f6a8365845e4fa	96.33696
1835cda7f6d3d670d0edd2d59a20b98e8dd142aaefbe3dfc2fa203dd98bf5772	98.46739
423d66f53ffd7131ae1de7b1077be72970fe4ab09cb39b1b007a895302caa857	87.652176
c7fed73f5e22d21672461798f1007a1dc53f64f4c256fffa9f359408450dd815	91.11957
efad24f4988d7439773903b6795ed7b1f4f0821f99d2e2d0e2206fe2665316aa	91.11957
cdd958a809f7d0465e0f33e308f9ea4ffb5adadfc6613d6a7d48441fa8b4d726	91.097824
0a58f84a71b30ff5675f69c1b37aac1c35ee810a63751c66590ab0a84f8275ca	87.66304
a336978cede1fdfd777cbab378f3fe38ad8e1f389bf23feb12aeafbca90c0220	95.17391
a84a388afbc08d67001077ebc9eacd75d0e2986a409ac83615d4646b4a98791b	88.82609
25cda13713ceeae920967e24a1ff944cdc17bc8b892f3c91ac44545adddec857	90.86957
99480469c0ecad3ffa196d193d81b14a2c53b3ee89645af03d8d2965e6328952	98.478264
91e58d9032e0926227ac3c145046a9fecaefbadbf699ac94fc1306329f20d032	98.46739
92f3703fea98e5f2ed5a17299fb631e5be8093e57505a2473a2c5cf199cd1207	98.46739
401cd092ab940cbe6178ab295963f8e971008e83da1a9b90600093981aa40cef	90.858696
8bfb68699ea59983893df8b5eea04c7ce6443cdcca05d0a5824a29a7e4647461	95.184784
d6f2c81f7d363e9fc4e8fd2739f0ba084d772201df2fef03f750174212f995b5	96.33696
a7b63391592f4dd8400cad90fa3033861f122bd191b0a555000995b70b86efff	98.304344
b1b8ef49c5879aa4bc39a770d46e251c1fc677fdb0665e3c5b784da35f402cac	95.184784
cd3db14949bde04852e58e3ce56e47e4b07da6ca82b0318324bc61a35f339eb8	94.95652
c386c8cd71d3617eb4101b21197f933f70474fd3459cdfe4fe26e89b0638ba29	90.70652
eda49fda959a75cbb69673d6ba8adff444cde90dbe51f335034b45d927bc2d12	98.347824
f4d325e54f253e334b084b5014d5b8cab8b66dc98c75eef39891d1e5c9edf557	95.01087
f3dfb53a66726ae063a541cf639254f848b10d490c33f1e8eb69d82f567e10c3	95.86957
198d6b545144b67580559ada55640e1653f0a4271e0fa4f8a290449b013a929e	98.445656
921cb9b465f1b92b8fa2aaa379c12f6bb8e92055b1843824f814aeaa58bfd186	97.32609
2e85e08e68d4e8aaa11e384224e4989f2a1a271507419ac948cd767d48e55e39	97.228264
4c78088439b5becd7eed81b9f28097af6f3ab7bfe70e502a16a0051f899ecf5b	98.63043
909a6442fb6f49fed6945c21d5c701676cbc18a48ffb8b62575ffc7328e89cc7	87.51087
5a3ae5b9856769601433d50923f850a773e4522c78555799029f2437b35c5636	93.73913
0240333ac8dc0c2e4fdf84222071e1018898164cbc7e259c61ed7e547ede78f7	98.597824
f856bf3ee2bd8aa3a4aca10ea73184ecd01b11c6451f469c16340946ad024ebf	91.11957
19d4bf357cae02250bf37c98f47707e6580184258797ccc3c2886837d17d6de6	98.46739
918af298a86949083d1153d7d2e805a1110f6d0cf6ac7ea92e19b18246277826	91.11957
da7288681e4e8cfa4e50d313e66c4b173a7de64d20bc1372b4f2fa816f616243	91.11957
455a79a5c0fa6309e1865ceaff61a80b1ddea700230f51ccc0ba4b41acd1d808	98.61957
203021f8c2c61bc5814673ac6ec03981eff84a7dad341e4c714f48989cd94511	94.70652
583a872f7432cb61031b46b8a316fe689b1f2e6e0f42f493cd3edbfbda1cd3de	96.304344
3463781a6ec7f1f766d1a8bee2a86e3efcf96f230af869485c7fc8bb8e15e204	97.21739
a1d918432e9f4c11aaaf6d0287814b0cac8c76479ef338e1e1878f6f45c2f719	90.95652
4434b6df5bc013253325d840f01e559df79b5db117c40e76a75146cd6cee454d	98.434784
d72d8bfc46624ca90a118b8f63f80e9e1856064dd65ccbc69d9c45b7ef0ec8a2	98.63043
d45920305c6ab2d6506cab4f87a20aa1b008b3859ea45bf4363c7b7275089990	97.16304
6322e413488bae9fc0ef6e3216e28b9c651bcc00b1040d7e19e6456806f42fc2	92.23913
04442291eed1faaf496c934d225c917b3744106bbeae5de19f9428c535cf39bc	95.021736
7a66cae7dcbe8cf319eafc9fdd56481828a4a54d1a3e378772e349ec1aba6ce9	93.67391
e5bdaa058239f2e2c4be1d7ea2b14b5b0237557ddcbe0ef104b0bae0dffe4002	95.891304
fbde5ea2ca8da0f27c027f9b5f7e8e25f2bb3a3a92dfeccef2c10e829eaa380d	87.847824
65538b62e5b51a96509e7a364530230f5c7df85917586e5c965491c1b936b49f	94.83696
11016dc86341e6eef9de73b785c39e50d7c166287a1d4841d84cb0c12d2b9c3c	98.48913
677cd2d815ba3f93c8aa879c394f446e675146fb06ba6edb216c70696a8fbcff	98.63043
46429d06871881df2042854d8e9a8f23e0be5f0d5d4aeeba34abc4b96115bc2f	98.478264
3ad6adc80b7778d04951f3c14bcafacf2a74ef5a23ac5f46654ab27e9cf43c36	87.71739
24a662db887c602301c7045d01ea2a0710bec9c3892ad30795d6d851a5c9dd43	87.652176
68f4cd1cd0db7982f4af57f3ad53b87a915cd98bed4aae54f8890b4f9d93e9fb	96.03261
9a36ba28e6f8c29a88558d69f827560a488d1d71d4b7eb41669d101f1ef8dad6	95.891304
551adaa57144760c231d4bcefc2858470e1f55f65a9d6ee7408e61b1513823d1	98.608696
273723bd6142881fcfa262dd8eefb28048e932e916da07cc23fc0c433e8ce469	98.61957
32ad043b404e19411063c7cea72b18a1223cf9b9b58ed705c6d18bfcaee132f1	95.16304
0edf1318053b4cd1fa57091c27dda37db9985be738755032de9bc6053e0087d2	95.184784
dc97a96b7f6c328a9ab21cad42a30210f9899a500e454c7af7aba0277bafee22	92.53261
ceaf4e158f161f32c5863917ef4370606811292314d53070ab6e15e4ed3d7bbb	89.96739
a8be9b97c3e7bac59ab49e709220ffed54df342cef38f8c0252d11f5b45109f6	98.48913
8dc6d132cfa99b05040603498ae8a428779c926595dc3ea8ccd061f76ef731f1	98.46739
efa660ca98fd4d2b2f3cea583799e798b413007f81fa89b789c68f7da9975977	98.61957
4781a69b3b9b59b0f27825d31a52ec7284c4906ea8760b4fc9905bf5590f45b6	94.978264
81ae5885b968c9bd54116d7746e07f766a15b45d564c2f24ae52d8859e079482	98.63043
a349a0629ddb0da674420596ae8b56035c84a27f024be954bd708f1137794844	95.63043
7d526acfd8f88d4ebb347f7d40534f1b00aab786b009ef61c560779351a02c23	91.108696
d6c08f76e65ef510bde1fc1596fa234ff963dfb0bf2b227b0b82454836c8aaf4	95.73913
d19a1ca2715bf41165ccd8df17fd62bc7325bf2604cb2bef234a1f1e9f862fb6	96.978264
744f48e9f03ed923216f4b8836046eac3395a0a6eff49b246eb018c3d308717c	90.71739
1a0767531420caed230abf35ab63acc6734645e76946d334b1f359b10a91db14	98.608696
fce7ce914d20d20c4551d7c969ee04521788e6e5e42ef1d8857c0e1fadf75dad	96.17391
3c4e3b32af592f0c1ceb4cd70795f10357b3e4e00d30dd6a9bd716db7a5b4ca3	98.315216
b77f8e3ce8aaa13106d0cbcd6996d4ae9be80de0d682123770b63f3c10921620	87.51087
a4bb728f85ca1bb08c77338f7ed5b9bc2fcd9569959da0f55fb398d98928ad62	98.608696
0bb12f3181684caa785cc436903acd00f058091d902d66100a8875d7eec9ffe4	97.32609
4fe7ac37e2499b1f077bac356203320928562a9a2c9fb2d52aebebb90c043882	98.48913
e2b402bdc2ccb504afd1b0d11b6e652a78d8945a7793809a5986fbdcc367c62c	91.11957
c8f448c12a1215f97b7385dda200212124199f756f2babb8351c66918a44d544	98.63043
d094d342278868e2425bdf4f811094ed2c6bbc3d3adacb8b2403cfef5cbf5d2e	98.228264
a8e7dc4ab12b4bf62a40668bdc8310be15476c450bd0c735c3fdce5365a7d41a	94.95652
414de5bf7854f5d2561225b3d5cb8bd7687a48444407851f2e219e9200182340	87.98913
9ace237026d4c8926f3269580f9fc798f22657f91da88555aaf06c227a217af6	92.45652
2d359f58db45ec66766bad029a19edc4ce1fadd4538204f68d928794ceb1c3df	91.108696
7e40ffd62c06ac0d8ae924f1b4c9a718537cee44a3e949b4456f499ad8bd2199	94.95652
0f195ec1355eb9c7fae307f7c789e96ecdf6c00d77e01cfcfb8a988a77bb6251	94.565216
d38e6fa7b0d585887f1c414c1b2094bcb8fae7bcca83f8a22dde0a904d090298	91.36957
fd296b8fb2a04af623dd4da462a931359ea860ef3899dce2dc885b68d00541b2	87.66304
26ccf56b202dd610c7a379b7b04b8f454e89d06fd7f53824a3a8f7533290738c	93.771736
da748be4c9538a36708436551b29c814b88fa214ed83ba6ab405a9a97718f89a	90.76087
850ff34e33703fafbdd1d51ebb7b1c9c2885b8b14330384d18369a08b5251799	97.08696
8cce2f443619db8f1f9f0d256fb17b6609c152747bf49ed3ce6d259de68b354c	97.304344
7ae39c6ac43fc94cb5bf4872ccffbcfa1c5a6a5d96b5bfedad70391c87420584	91.11957
7455fec0d82e4f221c3358daad8ec2aeba1f35eaad5c3c510bd19fd745387853	95.054344
f6b5a131e1b4ace30b3394abd182dc99ff18959bf9369c3cf3f7c442c019987c	97.32609
6fecb7806f2f787fbde9bef4ae0a9c4c813f601d62f8d20c47048427093767dd	93.695656
8547432a06138c6b12b5e9a6b971193c3f662a26471a3088d9f96b065adf0ff5	96.315216
81f7520b1f4276050080f674d627bde13323f2f9cdbb000c14bf6a7e54b754f3	98.63043
d281715211d14677349828d44cb2eb20ee76edea4077b11aa8e9e70a5ab1d3ac	98.67391
192e591caaeba841f06e27562f2df00974b07cdf223ba723135d19130ee3b999	96.36957
3fc4c506473f0188abdf602cbf328dd30d57b8ded66f3f0140f2de6e7dc268a9	89.33696
a17eba4716f000e030cb6227f33a0f47a8668b8569d3a98dc7f95f6f5d500626	91.11957
9f77f0a3f037c982643e33302f20ee6fa955ab92b7f28a6d389fb6ac85303cd4	98.53261
dbc64a2ff5feab3acd88bc3d948c53e5942f64b425290053f164ff49c766f63f	91.391304
32a663a7b32d3975dc0d4d143f018912a880768190dacb27e114145cf96d53ae	96.07609
780815d9b82fe9b7e9e4f785e55564890f4d99d753e48762a6c7aa3cac286cf3	95.891304
224db619674f70a38f656263b2a3d52de5dce519fc422733fcb27f9f0d8f2f34	95.065216
1556d3a36f7f629f0d20e8676fccf9263d6f156adb6ce5df019d1c42baff7443	98.608696
9739892b5a4b43578124e13505085afb92a4e6fabdb8ac19ad6a33721a2bf1a0	95.021736
d2aa42dfcff5b443b0bbff14538940e8b2bf5db0dfb803d4a39416d54f48edf1	98.66304
a22067a7a5096c5ea87a76bd2b6ed25861a6a0902b30a67658fed48a7f75612f	95.184784
4b04eaec84283d1fdd77d74556af4b674ff5310980ac0e4437e95f82f4eb5a6d	98.46739
f4b28fed28a9c19449253009871468126977e377dc5695e080acc717f8a9d751	98.63043
2ac368df35c837486d5a9e3329cee621d64c158439e7e177ff1500dac8975c07	95.184784
61dc2af911d7af5f96a3ef585978bd3980be3df04287394062fbc8ff5f1edb9a	95.21739
25e5a9aa720291fabf598670a8e96404e0f75888ac87e055a88871fdc956e4e7	96.04348
f134cd7096af524f0077b6642fc08881344e21ba9de3fa7ba5053cf89e08d1a0	96.054344
0443c1c9b0652e9587fa2f72945257b01f9f91bce17e35ca9b7c3dd33669fb33	96.03261
cb001be411f45405ec6006d96e27cc8fa37db7ddaaa1016d7723485584cfd127	92.695656
3eda6ee2be91e2941de786c7489bc3f2c61ffbe582f770d3855c0a0fe15bb42e	91.01087
22230a73b633a8a8ab58ddcc841d583d6d93ef721fbd86ff58382744522c85d2	91.152176
06d2324e01f09ff2020e9b7aeab7305e2a26c56c95b0878f647684369dfd5cef	94.902176
96551d1ddc34f7ecf230c2522edcb6eaa817a0129c170229bb5cb5a47e9d2187	96.36957
f4ecc7d87308b4025f83cf0e051d64776da7050d26c621b8972d8a781bb6c065	94.88043
d0b920712b5b1c01eb4ea5aa0103370fb3b068e166715875f6d8ac3b8a181a60	88.83696
171c8d23c9ce83413947b6f708235b54940e2632a46d5bf551cccaaad76b3114	95.902176
58c94b6b27ca546fc7b405802a290bdbc46a3e9db76afa17dc792225e36d10eb	98.66304
052078735e2729c4af6f7c28a0c816374a549a19c6a4fe561c05490aa3cee1d4	95.902176
dcb3404262eceb910e6e4e04a96cebc024ec5a6b1e5cb620e321f3882394654e	95.21739
565e6346d889b718621d978e4659cdbe9ee258a9e7b80f2283facae0d8da458c	98.652176
46cc5e0b59843ae2231fb54545d2a382b7d75800c985cb4724ca6fece7639f14	95.021736
5ff7f29c9ff2d869d41acd39c77348ebc8aa9b771a0b40f0ca05568465b8b88d	91.152176
431b42351084b9c7319a73cf6ad659a12d1c59261fac5e0b121f508e77aa0895	95.07609
dafb65ff755957612a5de8bb4717bc3983d88ac14979703eea7bec27930c000b	92.61957
612dfc531896cac747861d5f0e33cac7b154798370b5904becf6a9947bab6478	94.978264
88430687d2c68d7590f49a486a283f5db2e5bcc6e9cf79bb7a450962873222af	96.13043
e021de19719431c15089367b235c3f9bd38dea6dee0c00a874631ff88fc1d2f0	96.32609
91cb87ded6183536865b46dd4e9d8df5270edac6500c1545c42da2687ab0fc87	98.67391
6af587a07e2b6d8f202304731ae97d6fa39ff5c4b96bf6edf8d8b77ba9df3a70	95.04348
dc1508381d686f8c24806d3d67c42c0a0cdff58efbaebf44db1101feaf0aa218	98.63043
1c447a7e5b7c39245c2a6a8e937011374e0ab9e2c8e0a18bdca162fe7cf1cbb8	94.978264
615d0b37788db8927cabae5ad03f14a3225047c5a71f153ba9ff4aafcf76a306	98.67391
86936ccf20621d147e4ec4dd1df66a3d3dd74de59fe06cf86189f67746484f8e	95.04348
481536d0eb66f50b5806558dc452d99a774c524e4671c0bffccc6696fe423e8e	95.0
dccc88e5fb57f9a46c6f5b632c46b72396549368a6faab4d4f2043ace4306d99	98.53261
cc99c2fe477f471e723e7315059103d48b9bcb43b0529bf83feadc804aa5728d	96.054344
7de8c191e0b77e3d785a8339ddf84c4aca95a168d1dc9c3318c96b3ad7fe0381	98.67391
7f7a94cd58899464f4dbf076162eea2f8d59efcee052f0273e28643aea3fe1dc	96.36957
2809aee97c07e3aa375f97936c79c939069464a4e82d14eb3cb8678d90918c3f	98.67391
89d191d6673033d241d682d18ebb2aa7887a9fd98206bce482915f09c1cd46b1	95.021736
a0931dc4f48e9ff85e6474688ba4de49481052e1721c11b45fb14131b1a3afac	98.67391
e0cb1a10def7a0a6584c0b78c4ab7d1887980d583dff3d7bfc0a8b1ec967412f	98.63043
71463a52f14d7e7a83ddbd2ef93c2946f1207935c64b96b872ce64f27f53a6be	92.71739
1160a41eb82500240cc3a561750f971499d78493e7e1770c6411602956285b88	86.51087
4e135c7702db67f9d27bf496c88909ae776fb1cf478e94a798c966655e244291	98.63043
cf76f8e854a8087445ecdaebc2ea531ab1be0fa6cc37b670a10e07eda28f6323	91.13043
5f6ca4c98aa67646550d7d9586d98b8a9216ae9c8cb72110af8fb5dc9d60a577	89.858696
a87068527bcecc39f2ee2de0526657d59ca2093dac4d1f019594dc032a569bee	96.07609
7ba3b0b24c2d5ff1b71a12cb7e1a40faa3901855863f27624e590b6a53105c62	96.358696
5996588cbf242e493997ad42d3df3de977190782f349a702f5654561b79a63cf	98.67391
e7894ddb88a9fb3441ca2105b3ed5e304ec45857c10029acedfcf61ae38fe927	91.16304
d6d35ee6a4ff02d53ca82f6d844abf6b5e611e1a471a7186efb4e2f0e0096a2c	96.07609
26d0446a3feec65e633894a7fc39ad9468efc471e0634408a0108584397e7cef	92.57609
5d2cd08b3c6c349036c3d231e72ccea491a3a7bb0c3a7d4afd6bad63ed9562f7	91.16304
33e6fc22c15e6a4ce85b23c6cac030c6d8698176d04da6cff30ccae764f99b16	91.58696
64d07a77350a1e964e37ac720624dd6720c1c5c9905d65f7a1f4189539549298	87.88043
e9cc2a53ba6e3add1eae4ca6a4ee82cc4b5488e41e3a7fba309b0e35156dd8a1	88.858696
9b82bb0f9c3997c1438e978364ae4162300cca6dcbb7b35d8d1c1b860a829c74	96.07609
f3d67a7308e398cbab4ddb730363936cf6e096a15fd6204e73bbe322fc083712	94.847824
9b979dd84b389dc48809874fc2cc683831db17eb4a7494c70d53b35565bd276c	98.67391
ccb7a28595d69f8ad15fa39b8b59c5f8d251531d040b3eab4a62b04bef3a581c	91.36957
ae85fb6181baaf17d6a3386ee6dcd2ea440693a5e5c0a6ccf3c5eaf3bc9eac1a	96.054344
622696b7c905f086ed15c180ac78a7aa3f7fb338587a04973b899af5e8bd0a39	98.358696
f2338f4e94423048b60d459ef009380339980a7f9075e2f0d3381259a8d9b53f	98.67391
d980eb6230923c166d898a396595533a03b05e1859c52bdf5fa738d50e05f939	92.304344
081160e9e2dfae115edfa18850e9ce9a9d0d758920623c1a4a25812694adb31e	96.03261
17e70dcb24e45ff02dc3d8b25106b589fd22d3e219ebfa8ddd2df2803d46379a	91.434784
8c46d20aa0f12e9a0fcaacaf5d3a1d944c08c080e571f29ea5a279cc7339eebb	98.48913
5b3ed768784bb838dead9a2343442a7f261f5fae88dc9f2da468477e5c3d2a3e	98.66304
71fe716690f606b1e733ca72870815810cd9b2bd98346f585b26b1dae1e00ede	98.46739
583d8bfd97e828f93f0d8b4361da2492f7da275c88a129c8c4c21625c5ed83c9	94.978264
73f0d91e5926116a47dcd4aa0c55cd030488015bb6b42f4d8d960f36e0919735	98.521736
a214825988e9b65f043c3759a66d4c52ea6f9b0361fc94e6ce4b03af93a9fd91	91.16304
ab0f9040cb83db03ca7362b84ca991be078699e9398711ba8044cda1d22f150c	95.184784
d0b93a722e491450167055c8b85703fd4dda585451e14e9d540499e0c6c81399	98.51087
ba4e840a5b5c0d8149c37d9886673a9208f4141e3aa3e39a87a2a5a6c48aa834	98.652176
d66475c48d2a0e5993c31d0887c83c501ab2be431bc0b236655b0a9fc14d4765	98.608696
c682956b61d58ec79d5f12f5b8ef61cc5238e5c78123327d5ca61854717473e4	87.402176
fa1112860e6b05c535c7c22836facdb81971a66ee16dc6c5d78a90627f35ef0d	94.847824
7ab22d29a215cfd5b6b163206a61c605d8a374cb5871ab717666fca142a45296	98.684784
d79716104c42bea34baaa457d7cf675964d4d234d344d5da3fd44e97d9bb96c1	98.54348
8aaf3cc7edfb882ad036d2e666e5af371fb613283f22c9f10894ba77137bf198	98.695656
6a1d9b7439e0d3e6e752149440b7c9075e38a45838e58787cf42ab12a1dc7ca7	92.32609
3952fed02dccdc5c9c0bb6089cf79af6cccc13bf5488024422816784b26bb2ad	92.61957
9a8acf96380bdbfbbc4318b19910b3bdb60f2a5a99cfae9e0a6cb3d3cc6a3182	90.92391
819690ad96368ccbf2ad026ab796b6cfa3b3d9bd7b3e674d4b54845a8eabb0fd	98.652176
34055e43ed4484352406b190b34f5667efc32dc05517dde95e5e1964cba91034	95.21739
b94adc730d100c3f381b02b3b46e5105300620cf6aff46cec55da33277f1131d	95.695656
b878807790cf4ca099f1c87347ae90893f697fcf2227e9ecc7c040fbdaae8308	88.097824
87a3b534100416106af9ee6f32726e253587dc618db9ae24f81aa9c3c81aae05	91.184784
ea979f003041762d7e42e1ab0eacb26bc1b5066c7b5cdff61c898ad8caca78ba	96.097824
e058efc6ee6ac501dcbb3182ff731ceddb4e90ac139a10f25c6f050c471fce41	90.53261
27afcbaeee730d34c19a86fd63785779629d8209625df2a2afa8c78c80c87468	95.92391
b29b9e282ade344a1ae16e3acdf877e16868491c2afd46d62e4741823d6284ff	98.695656
863ec0c017f884b3121368d6a9eb3168d61a1dcd23c5472e744c75e20d56cd2f	98.554344
8e32f65f24c5ff15788dc9f9c481a2f6a3e832a04f746d33ac6bda0c867067e5	88.63043
295d90535335af58636c259c7ee13ccb0ddc7c93ddbaf5ea74c6b1d135fdfc48	91.67391
bbafb55ea33a6738d5bb9c0a3333879ee37f470d7364efb66d52a99705565c62	90.92391
dff8c5006a514a49a3309b14b96969f837b56c52bfd791de0ffe6f12694d1e62	98.29348
20ecdade121195cf41b56a380eadd017f47d72e6ec51c32c305c0ea7c68e1a35	97.25
881cff4adf6914b0d0f11bc792a27c4f714623b23292b6ec836397bbd817dce8	94.92391
7e45def12d93e2a3ee4fa06b04ee72194640ad055fab218f2fc95cc70ab99d95	95.03261
97178aebc395999692c3504ecd4982b14e00555aa58be3bde8a6ce69d7eb87db	92.13043
5d7568d4faedb8a60be8fedd2bac5896625956da2b806a9d95057dabcc34e240	96.38043
755e395c62b2efcabd6872bbae791d405a55f4fc9fb94c52691d33f7fe3cf945	98.695656
f9ef76e68348a755ca8ff1ddcc6a7a04a2d29f95f0f6ce60534ea3c06b25dde9	95.08696
fc173df200dbda88e278f93add14be85ee7cbae17222e7100ea18c3423a967a8	95.21739
ab71b03147730665946dbf50065146aa9b2a592714641509fd63cb7433faba78	93.228264
ccf301849fa90185bbf3ac5968de55051e95a5d0e7d11225c6ef4c8b31bd9c20	87.521736
0327abba227fa00f7e374a5d20fead7100196d9ac0de33b6626392c4deb473ba	98.695656
2634530cebcc170433a16044e312c1de3685003c1c325be2933f97c6dc76ff21	98.652176
b7fd528bdfbaf1d48e7af59ad847b65cc8f78f399ce7ebee36b3dccc161a7b81	96.347824
3173bb80cbd5a5d3310d26a96bf37a3096086ac150a9b6a314294a7775c78b34	95.945656
f9392fb39363f9d64b70dd23f4ad4e5501ed8a9f8257bbdba4a1bca49597f38b	94.902176
aee0b9809bddb1666e9a4d5a824431c75c483ef8c8790a049c0674caeb5a2666	98.554344
8cf51d23bbecaed2cacd8535ac3faf6c50781a11da220203d1934b1850333a36	98.521736
5e00079e4852bf2a2c222a11004efb6d449ead76a354ef26749085bacbb3c7f2	96.391304
8e21fd4c2253c23c132a1c88772eaed01d21d35f55dafe26997fd46e6a237c10	98.25
44e98c8d0b7b393bfaba8f71e38ab1be89631c71dab80839dbcddf182af7c652	94.92391
1efcbbb9e7b6c71ffc2373625595e174a8b9386cd7a1df3d4ac3cfbe7a8bb550	98.554344
dbed60fa05f1bd8b9f966cf778fe1799b97b52012a557e2438d4b7de21dc3e06	90.78261
c8035503a71e10577355e5c0ae2f9a6d281e71648cff892028a1c915e9a22cf1	98.478264
193184f1867b591244496e433534a7383f89ea84c8c12d9851a3412726c95bf4	90.934784
fec6d6015161954e12e04b54849359a4204d415936551a65917aea42239f2576	98.695656
06b03437c461fd135e1eb701b73d20df779968245a9d0a07ca7620eb457c576e	98.652176
7aa6533bb21f7e2a48b25c569278bdef1820c6674f986fc63507f561290f8d17	93.79348
e97feb5511fef297658936bcb0e00345814bb8c7a89a5060b5fd497d9a291b3f	96.054344
bcf6f8f4e411394865afb2710d719f6bbe0b8113da3b06bcc41cd036f7ec0d99	98.38043
44a23585c7fc78d656d1024d1fe35c4562262877bc7129654826fa80a960e894	98.695656
3dc1e26e969f649f28b8433ed1dd93f0efb94ec465127c7a5c9ce0e7a13d10c1	98.684784
39ddfb2aa9f5b6ff04a77eca29528053df7602dcb5ededc77505c9cb40400d0e	98.521736
3e671539cb350900d0cf0910df2a13cae1d49eacb3821b6d1ab667b4ab5d0630	96.097824
461e15a04cbac0110dcd1b9b227b8f6f7306907cc70ba8edc94e4d1ba82d012e	96.152176
d9b4c86f0622f6ae820263631f8df63855b2a4fb2b1d7dbb89496bbb7c34a2e9	90.61957
cc8331769077da648e3c3d573b08f3420b23106cabff9a0fba2b3e5aa13bf358	88.79348
76f8479804e69cc0ba8494957e2cfad1edaf584236a257d0bf42e8cb215eb540	98.29348
00ad6660a9c547621adbf847b74864734baeaff6cbf84125728fec526c43dc52	98.684784
cb38c9217180a145cc0b11e2c5fcebe8a3c01e1857ec9b0666e4db1ff62de200	98.695656
ddeb3d16f0287b29b719537e8d9ee8f90fdd38096416b4eb51d5e54de0021c7a	98.08696
b5c6c49b8c91b25eeeb9d1c0d04b5808f6f76c30f06436b633464f63b4e4f72f	91.358696
77cffafb1ac34004dd0abbbc74befa01978f20d6448717dd95462c5a419c3795	93.5
b68119fa06a65d1d322e9f6db32d65a43816d676956279d0a6c3b8ed63086414	90.70652
5fd7d41907c27522f152b752b00142cc7cf7f98bf098434aded0f6e64c1c3f0c	95.95652
95c312fea00bf4801702ad99284116cb793897c7a51987c7044ea954bc81721a	96.391304
c6828b7796e8596dbeccbc96a8edff3112330ddf251782ec845d96ce789c7e6c	96.25
3ccc315632ad76ad21d7123ffa68ebedddde6ccd1075507315505b1af5a1ccd3	93.79348
7fea53503c5f6b391add768f13994c8a45a6f7d32253727bb351753ca80d6389	98.554344
d18af5859f3ddd28835bc175cad53e0df74032e876259040e665575c8ed5a7d8	90.82609
992feaca143187b1a1e458073a43338f809eaf17a86646f2402f2586f46830cf	97.271736
96ec5d89145387092c40a6cb6cfa3cbf07ceea3a1d92256bd78e2a2b8e5c4c64	98.11957
32ee58545bb7b68b0d9e18437f71739165837c9fd842b23a44f50cedb4208f4b	93.5
f0d2771be3739893038bc15f41bb2f8b78cd28305916822f17d15b22b5332af1	98.652176
a836e9c0120215e860af466544be610cb2271f1869558b8d1df4c91d90f68774	98.652176
9534306ea81ec51d91298499a6222434a592b2c5a72add74d62e6d2dc9e563c4	98.684784
3519eeb383d82199461da0723927cf8ce364062af9bfe7344506d8a113c8eb19	96.25
18e92e87dae060d917a83b3fc07b40a7d17e54a78bb3dc023df8101782747794	96.054344
69c7bd4bf31bc8b398077e37bc53c93842a58381a277d335d4db80f98cac27e9	87.45652
98659fb97360286cb849325e2216cc8b14306916aa6888ce5dfead473b5639df	96.097824
53457d6f1ca7167ccfdd0faab3f941cfea70ca4e949a1acf48babec876ac89af	96.11957
56ea3d1e7504b2580fc841b886af7e3d72eaba5432b466bcdcdcb437f0774959	96.391304
4d413fe7a36e46805b5b8cf41359811266bb4c214e22e101e721870356b39329	90.891304
5f53bf1fca63afca3d48966dbcf9798c0f562558f8df591fe11ab20fa24e8dc7	98.478264
960c7691d358482bf805064da96d4719ccee77ccc331cac370af9c624dc72094	88.891304
0c6ccf025647691a8fbafd48184e83776464f2843061237254d3a7e980c44840	96.391304
96736e9c7f89ba29419b7c4574868411906f515a8d1ab03e1a24fb0fbd186660	98.684784
7ed66d6d7dafbfae67ba43ba6cfb90ebd5a1c4e613d3e5afd1e6b1b2f2ec252c	91.141304
88611062e8b506119157ac037ed0b3d575251e9bc03d0224f6c4a14683bec166	87.695656
75459a9a9ab9f15a1ced1a508ad355eb1de8f1d5d6541c1909a68208a1ffe76e	97.347824
998c842f55fc13dd53a33e121dd8ac48c4fc9ffea14dc03cb0aa0b8331da8c4c	90.891304
f90eaaafd9105110708ac62748edc5e1103cd42faad46f45df955c4bb11e4800	90.934784
3ec4c807992b8351c1b134a5a6c0d60dcff2a6bcac78a1e3662306007fea49eb	96.38043
fa77a326019e48382317b9dd6690f463ce69ba4ce28047a93fe1c42dd4675d83	95.184784
dea934472bae0fe61137ed018bcfcf38b397eaa2fc8259eef8ab5ce1d82bc436	98.11957
1744c78ccbf08b83adf9af564c711234e3a5aac527b75a392d66cb4856389d03	90.521736
cd59b7959322124793b3b917838fa7be6f9d1203869ee0347155b022623a1d5f	87.45652
2740a2a9271c22436d7c3a78b5ecaf5fdae27a570722479c7a9f063f25cc056e	98.695656
79bf04a44e0eeb8e3411707c6b79428646af7686fa019607f6f204ffab9fdba1	98.652176
e836df8017bec218d79ad048e9de70f355c27d784152237ca3d2a6d47ab135dc	98.684784
624f61a794fc41c43c0ff9c3c86d5e2b2116780c87d7f81bf217759980209686	98.695656
0c25e8b2d8947e096a410ececf209bb8c863294c0e54ff72509f95dd43e8b123	97.391304
0e40f6f27199eb9d6a1aca32674df44d0d8159f09396f877b5dae67631add0c3	98.38043
9be69cc330f15045be9a15c148db31fdfe5ebb2b94bf411cc45bd8b63157b0f5	88.63043
1c4da9809bc92c39fb2482bf9e872662192c7d5571682b53aa1ff521707a919e	91.391304
62a9407e228c96ce76270e78f01029f487dd8591dd12c78e53812f1dcba98c3a	90.76087
fe9e41ac3c6c83862c500fcb4613c3d468fc471cc5b87162d6b5744843ca5356	98.25
4404c5dfeef37d8cc566c5a1671dae050819f4a11f1434dc89d214ed34a6298d	88.63043
f0da91e1edb24a8e737e92bfbb5da60427b3a97d96299d3a2a8b6508b890e3e6	97.391304
c9bb0312540666121f3b9f25769846d2fe0b7c4d0af72ff620a013b59787815c	95.065216
bdda5fd9bfe438e7c131b853fd633324f1a80e8718844566c6043ccb6b637932	98.652176
fa5f8ada8565021b198f3a96b4812ec7a99878ca78ce5416f74937e6c53520e3	98.695656
517a1b3b47c0766440f769ab3b594d27dc16dbec5b9980ce9325c63159378edb	98.695656
bc434e9d6a17cbec3e06ee2ec0c593fb094dbcbbdbd50e124cf0eb570d0b6a57	98.554344
0447792a729f95c6abfff710502ba61543171e3b4926a025addb436deb5bf68d	95.04348
774bfafac64ea289f830279f5e61a89a747b17f1c70ca151a828f48f99f988f9	98.695656
9fe93e800a1f9c6d914cdbc3ac2393f62a384c18c2d47df2213150b419d0064d	98.695656
1bc4648af4692e0d3786a19d80d67e7d34ed7497844a876cb36ba60a8f4d1997	90.88043
13d1203e84bb82e51a7df5873ac2d48a7ca0330ef79bfefb85b5e659cff13a7c	96.097824
b415bf06aec52735bd90b9d1aab47e24be64160dd364b686746e1a2f0cacdcdf	95.21739
e792e68b7a716454ed4586759cb93aae8b7fab019699195afb251b2299816f01	98.54348
e8d227740d117fa99964aec8a4fc56fbdd5a98dffc806a2d07c64be433df38c8	89.141304
77cf30f510d875ed9b2febf9a50097b5f51ea93be43a438c32a673676618e5c9	96.38043
0d243a65549dc55d2b22c94b2515043e21fb348b2c114fd058356690e3898463	98.641304
17d91c3cc6e1f0119c3801e0f2b40ea56f04c65fa1c1c4454dbd5d310c0604b2	90.891304
98eac2a482e8bd95121e5f0ba3534c978afb333dcf570af30aacb4ee14e653a9	98.695656
cbbf5b770a481ad508f37297492f07017d441fd7404dbdc3542fd76767d19c44	95.21739
c6fa969b481669f85d9bb59666b835ec87f36910dffd138af940366b1778137a	96.097824
863546d9b8e205169b47a3a807200e9fdf12191e51d630173934ce1a0fdb388f	96.391304
be82b12b53db3ad63cc947cdd9f13d0da0f8fda6907ddc9a36ff398503543d5d	90.92391
8a63e408460fc295d9b52083166ffb012aa555ca91e8c59dc1ea71d41175e9f0	98.25
fadb987bd29e48d7495f39adcd99a8318b72619a26f44835de91a522bc9daf2c	98.554344
b6bfbfc4a1b04b3924004efd3c3d67a3c3b3bd6538fe9192a2f26522e61b7e7a	92.61957
19174547151766e9dce1ed23e70741d9086cd863dda357d8e925903df376967c	95.48913
625cfd91c1513d3a19496f1f7453446ab214735ba1476945ab8a369c71e5dd50	95.684784
db9317e81b5a1fbc76ac430c8aa2fc7efd959727d4060f97d613117c88680be3	98.29348
5dd3da2253a89ba94da948f693d049f682ff0987538eb747c281fd85cdd895c5	84.61957
e9c62ef29fb93b574d7634af2d757467341a06241db4052aafd8956567022cd3	90.891304
3a01b1a797e459cb87fb05203c665c2c949ef54c17c6ed6d3ed2d0a56e9e5553	98.695656
12c68be2dd1d035bdf7f6eede336b79b50d87d10a1c55e535c76391df0ef9ecf	98.51087
f01e556b46fc0e945dde1c6503be5b9070a583f1f783d7201d7105c4086e0618	95.04348
6772a2b0996ff42aeb286cb5dcf24a43177ff4b5a1c6687991a78589fedf023f	91.04348
24d1e73fd59b2fe0eaac269df357a62cee164d00c2621d76b5df2bba945ead91	98.695656
66f55ec7ac833ff3b4c2ff61b146eb59e2ca8e83fe18168e80bc91ba4b8a1d0d	98.38043
75bb2c694385d5d9293838544af64501166c07e8125c773ac705babb81319791	98.521736
a09bf8b202a7e05c96ebfca06b782ac91285da6611797ef6af5f7a74cb980da7	95.652176
8b3bf62115824c03f01297da6953b60398780229e10a0f23feb6684c5b2acf5d	95.04348
0ad64fa976f880a05265b4a04db88c723c60c6364ae1206c46dfb7db8aee9764	95.26087
f6a8c6f623f7930d611613b3f5a588cf5a1a2f286dd441b7fd139b29929a9aab	98.28261
e888b6c9bdeee34bb097ff46c5f532594bf572bb15a512b0f00b918da490dce0	96.054344
2ebd9bee9da515e0652a42e6ff39934427b5f7d14e2f63d99220e4e088322df0	95.08696
99c1e21b58b1e959ca97707e9e6fdcbeb660b72fb198b71b7d3132c0ef33343d	94.92391
c77af58fb7a880b2aba1a2865544a915692a125325adfc03f9eeaa17d361eaa4	98.097824
570ed0751718b5633ff15c76fc8e22de0aca64dedd60dca2c4bad9c8d832ad32	98.652176
a865be405920eac70b3099e903eafae2f917118f0518667653c826ad423e60be	90.76087
3aecd28d593e7311b9cec0080e63d7fe74a5934f5a581cdab712a10ce1673ac1	98.54348
4e90f00711cf47212442b47eb0031a71d5fe1b342d690a2cc1c9aa99aa49ec9f	98.347824
d770f73bf614205063355c7b3658d3774f120b3ca962ce69035309daf6974b89	95.184784
9bc1ec5a2fd32e96b0d40fccacb2e084adcc36d586a3f18cb3593bee71884d07	98.652176
3e02c6632c700318ae6c8f1199a9b824945ca480bb2e7e5a261e3c76aa4f937e	98.684784
550864f23a4cae58f48e18736c66e7538ef5c9bce734217d7dfdf10a3811d411	98.51087
f625ad26922e5b8a64f64eada0191e8c3108d8c341bf74c3c1f4d18f6dd9ca52	90.79348
551539b3fcb033dceaa6165821723ac7aa927d0ced21352d21d599416a2c7c07	98.554344
e07cf0e922f83532495bf59af1a38a2be69ead898dbc5278129c381d90fbc91f	91.097824
ec541941cf262aff17c625afe62905a2e6b640b92b6063a554ad411711bbd4c6	92.304344
2edc14fbd76bd3283fe205cb2ed98efcd606c5a45b9bf5fd64cff604eb0633c9	98.521736
0b80e5870d6e037c2da36f4f9f0ddc87786e2833a61a4cf508420de2d2aae441	96.141304
4a55af46fec868739f5defafe8f1c55ab8ba2d9d0aed80062a791af2ff8a331e	90.76087
dec953323ac18142dac2788c61846be72c8619c16800ea6e6e4b8e6eacd909aa	95.92391
2e4f09e43b67d3125417b20eccb879df01153f8183d77a5dc67f9d710dde4590	94.891304
9c2fccf3e171b7dd8204e9cb4eb09c1e595e99dcfafdb84002edbc2786c2a453	95.08696
3f069b7a8e068e7538f89c7a080cd204245d167853dae56ae7b6204b0a36d6f1	98.652176
e28f95020948d4d435917fc0e6bee10f939b5c81af5a8104ddd5b3d498aee8a7	98.478264
c4b8b0ffe3bba60056d106d72ae5a3119e4a79dda1facc66ff6ef8b504ad866c	95.17391
c00b6599838cf42049997a016663677ad219966b823ed2eb60070f687da452c2	88.054344
8d91edd13e4a4525e0f704bf53ba2ea8cf6dbb35cf85ab1302cf4419b6d77323	95.20652
a553488fefe00969a7c35ed197c67ff80465b7b1542efe18235fa5b1b140be81	90.891304
f67559961fc9d0e4bc559d19195d07d32e78ec5e782d0cc4e510fecb1f53131c	96.152176
2943ad7b47d5010195a0e916d9995ebce618b234dc13a34d348bced503282b8a	87.684784
8ae18cdfff82cad2f4ea13b735daba35a0ac96bce04ca7187d89ae4deaab8a86	98.695656
d1c0b7f9869ad6de723c9be9f95c9df82eca9bdef574a766bb786f58e67af186	98.695656
fa0b318a604f491fd15c006a22b7a84800b4e32365974a0aac68859acfaf94af	98.652176
ef03aa11050b20fc9bceee76881fd0a6be15c01189184410593f182ec1df031e	98.54348
08a6a26363cb720f4cb2894728fc08c2fa36b354a8195f7c12808622e7728281	95.21739
6e6b23a52aba363caf3f9f1bed47c15b9056e14b1485c2d5b0ca920cdfbac7d5	98.695656
227fb1bacf69fa49fa49a1938994547aff6258e71ef0c3854fdb92304eeaad46	98.66304
d370b46cadb6c8891010a1811710e85989bfbbc49e1547ebc06db3333633a2ca	96.097824
ede0505e894c4aa9e49c6684579ef0666ef5ce27609e525ee8f850e4674d9718	96.358696
9658ab59f9dd83a9ee9e74e1935ce45413231170681c3c9bc8e35cfdbc5a4778	91.184784
0b9c162907ea25b057e55002ae9de81805d4fd5e6cc605bb642a65bd6d8a1eab	90.76087
29f0805aee65ff540f0f54ff7f2a6b531be5136f0a2a0ad3db4c17a2af06318d	95.95652
ef03e9ea5dee6392144ae477b527f9ea5ccf4928b5e8a0f1caee62260ed6069d	95.95652
a552759f8b98fb1edab462923d30cb3adef9add7b19b09134ea81122cab51bb2	98.695656
91fbc7c9151a10996ad0fd1513a4c01fc34dac96fd9adebce81f325cf4b30bad	98.684784
cd66aecca9ed7d49125c008e37e959b1d4fbcd5ba3c7d6fcc893978a7f7c2470	98.51087
b46485e2fde073ddb5120944d56ec4e53bc7d682eaa6342ab454b04228aee286	96.391304
fb6e9c75f6503d2996d447c782202320df5f52de128fbba47c0561bfd2f3ca36	95.20652
ed1610e96c2940152b7cdd00ffa2bf6af5f0cc501a7ef182da7f406757a85ef7	96.391304
e232681a4c733b9a778b49d23ed31c503dcd2225f60eb0f4f5e708f57e6a1ba6	95.21739
2624bf5d5db0aa54172ae81e5ba0491c15e1438fd4f34999f8aec8955bd2f866	91.17391
5c69da9091945f4b0d5a67c937ba2408cd2824cd591360b3d795fffc909effdd	86.98913
50a93dd2cbd596a54998fce41402de0a1c5a923f174615f72f20ec84e651819f	90.53261
3c66031afe8a938d04a3c7b0880a62a07b91c5f4d4f5586dec21fc5eb80353da	90.934784
6facb46158757d550a93be99efcfe92f68a9dabf82b24b9498885b022b65e8f5	96.054344
369051f62cf2117494b3595263a83dc2f1c48a9082a6796acd6b60ed1a9bd75e	98.25
c5a8b69114294b0ad463278060ab26dca016cbb5340ccf58c583d3749983ec9f	98.66304
8656f8cbf00128fa3d2eb14be58c0f00d75ab41f173f795907e4c9101db3ff2e	95.08696
67216d5699ada9b15bd88f62e4751291bde7c4e9f2c6814b6a5a53c5f84113d4	91.141304
3b6015e287624f2e5d1fb3e82c49b9ef8244d1722ba4c2bd271e1e9b8df53d11	96.38043
bf170002a30b73dc991484b4813079feb26f898b8f3ca01ab87965ab0041cbac	92.42391
f3dce5b167b098ecd57191ef1e8bbcbf20077ef38e36a6bc495ff40d1b03d690	91.17391
83507ad92d2c7537388b5a3c10c26ca57d99c864107b2f4046d9669bce8f22fe	98.695656
2bb1803af49edea20cfb427a31b73b9b30d345de4a7ba1ff5b4f20447909a282	98.29348
ad16390911b06531bc5e2baeba0b5256428f8a7ff6cf7670bf5ab963c9c7bd20	96.054344
7a48c6f7761fcf32fefc999a46091dfff015e9137de5bf51001fc32fd6f626ec	98.521736
385a25dc1c8b5e79b54e401247bc6f0a0cfd3df48f3b088e2d293c4fb5a7f5f1	98.652176
a7025851fed0498fa6e0e013ca7e48e90acb86de39ec3e60a7b6208de1083762	91.36957
665805804126230f82134b783bf6eb07930883b2553cb0d806aca1469c1f4c0c	93.75
e7787332bcae52a4392a65e58f2289d8138443e2fd89a67e9971284948bcca33	90.79348
b8cf3ebe6385050742a9c2e8aaa2baebd350cedc76683ed465bc2d9f4c5b17e3	96.391304
27350fe1f6abfd8b1be0d69ac9072773a667cae2dfe359160b9fbb1df14d9e2a	98.554344
77fb8d544eab151ffdfd71f811d6830c7a5440ef68749e816fa70f6b9b4704b9	95.20652
8951c8c7787f4adcac72674622213ebd56df1758b59d27e7fd41f3d74d9549d9	95.04348
338eb62f5073aa828ccc3cd7e712c85a65b3764b6d4491fd7003241dbdf4a82c	98.695656
e660eb369647bd526b9c931479a8c75f04c226a704f96d42cd4c9612e026aa25	98.652176
4dc73b7f9b56593f6ca6a9b1dfc0be4bc2477533c5984d0f34b9a1efd0259f77	98.695656
f9852a751a3dd9c6e9a783fdb59244f90ee589fe9e24c5ba451abeed11279ca7	98.521736
931187c2618935a4b411c670bcf9a12ade9fb5d99568973cc16a861cd84fdd6e	96.38043
6b6b02ad9d51000d315bd5040421a86c576cd62a1aa8df9204f2a7e302c831ac	90.79348
48f3771c1e8302dd017170c0f004c07dd79c6f5d44a26f585d65eff7b54c7843	91.25
84ba85499bc59ad9b8c96c525170f4ef7afa18d2f6244440796b63c10dbb09ef	96.097824
e0600696558e9d3882ff7cf2350fb94411eb123ee0134e5dcd942b0d36210504	94.92391
421373f7f61075c87be44383235d063b0b3cef05e39240c391da5eec06edcdc3	98.29348
1e0a7ac930e340a8d7b24ebcff5b22935cca7f6889e592aeca317f8d8b62f42c	98.554344
1afb99a202585590222cd28d9ad93424d94c5d2e47660193e2eb0f17211352f7	98.684784
ba9b7774a53ca275f2fbab5be94aa1a4acfc6bce381e1694bb582eb3cdd35b1e	92.5
ee876773ae44f6951e62a4cd4e587a35ab5e3e45c644ef91bbc2909924398889	96.097824
fdf6110d90b21d5ec750fb1353b569a0b557d05450931898220b045951e99052	96.097824
eb0426aaeb62069c99f524674185523b33766a3032efbe926f0b67452f3a4431	97.271736
fc91df76e102ab4c5a1e505f833edfa44ae6d677f9e50dd2a1231fc8c82340fe	98.652176
afc46e2f892aeda806100880570391e7866b77722ea3a5ff34082ad6ad197a82	98.608696
38f7d5d924b3adf4093d5a3d0f15f5b41a811ee19c45d5ff87b1c544273b876b	98.695656
dbb526f0fc4c21da52c03ce5f6d0e05d58b583a9133e86418c02dafc956a5975	95.684784
e6b3afdde7da000e5e8f390fe5f2a8b85a85e4f362ea5092166465b8c317c2e1	92.597824
a0dfea1244e37bf46febd90630115b147d0d4d5539d570bf0c42f28f32112ec5	98.25
2e014c7272c5125b82354fa15e52acb2ca3394fe9554a85ba5abdbb70635a7e2	90.53261
8aaf3cc7edfb882ad036d2e666e5af371fb613283f22c9f10894ba77137bf198	98.695656
