source_sha256	read_match	outcome
beb43279e6234745c7b2fbedf476e5888789500ea5ee55d692c48e5a57e1bcfa	97.854300	PINNED
a4d39de49e99577f34672b2d876c756fa451c50ddac51a18995d205bed06f2cb	97.059600	PINNED
9d501d60a4d1a24d4f04985eafe9a5b5bcda59b9c62682482a142e7516145112	98.675500	PINNED
1a7524f887049d33b33abf1e16d2ed970dc8c638caf1ef8db10fe7c81e02c1c8	98.649010	PINNED
0b47ca2e3735b888cac6961f0dbacdc25300c8cf961ed4b72b8a9bb21e13522c	98.662254	PINNED
feae39dbcb0d9b193ee4710b68f5103a806332cca790ed2631e5fba311b0900d	98.675500	PINNED
cf3c1d744dc3a4f21df16c0699d58e6f5a53e43b8728aed7dbdd40419f21efe4	97.059600	PINNED
cf6e706e936bc397ed3741b2ef3fd69cf8a3fa9dd27a7dfc02153225af3aa0b4	95.715230	PIN_BYTES_MOVED:?Main@textEntryWidget@@UAEHAAUtag_message@@@Z
7bcfda4f0f829725aa537cac59636f71b8ea635bbade1a004b4e2d59a1295d3a	98.675500	PINNED
f80c593b0f38aa12c22f5e2358820305dc29eac228244d6fdf4cfea4388f1771	98.649010	PINNED
05cc26e8555e82df1fd80263c014abd64cee151eca9bc4dcc592ade0a041b89a	98.675500	PINNED
63c0a61d020809e4a93ae8370083fa9d571016035e04a6cbbab53b041f61f62c	98.649010	PINNED
b0945e7712af77a34b0b7cabfd61487a882318586c3c3c19072b461a5a1d2fcb	98.675500	PINNED
58dd0a631a173c97d86bddc1ad650ca5192179358058784951f596536b8e33d7	97.854300	PINNED
d4c59f525aa197eb3abb4f21ecfb6a722be8cc94c0bff8e5f34b7bf78673c3fa	98.675500	PINNED
518f646fb06d2b33d45f5517d9efa801dbf19ba4faef40e987d431d1d0022a4c	98.635765	PINNED
6fcace4a10a1388ea8019baf9b2d55c57c54003ae853c778b64f85780e197032	98.675500	PINNED
cae12638f6a7f7f7199b030c09973f9e6639946fc901e17bb5cda849a2476f08	98.675500	PINNED
1d3909d1daa0d6fca68bc99b2e309fc04f79d9ad5a338d7ca1da4ffc54d8eb3d	98.675500	PINNED
476ba860dea4a09a5b3e618f31c913db5d709e87aedd5d85f43818d35c0f6ee7	98.649010	PINNED
11125b0f3b8093ad69cf398239551f70dc2ac439517dc4088ac0db44e5e3fbae	98.675500	PINNED
a13d010dbd3ca491e9d4fa16b8157b587a91b1bc1c292c6e5b219b25eb40f533	95.754970	PIN_BYTES_MOVED:?Main@textEntryWidget@@UAEHAAUtag_message@@@Z
26355c420cfdbf58c05973b555b04c5d64738e9fe9a63fc344fd1961acd0cd35	98.675500	PINNED
5867f60e42d1e6fbbc572a662da12c19401fab9f7887ac136d8282791b89ec65	94.139080	PIN_BYTES_MOVED:?Main@textEntryWidget@@UAEHAAUtag_message@@@Z
b86df0a192491bacfda243eae45231482db7547714c9ea01f66117300685f04b	98.596020	PINNED
36f34ca8963bf35195bf194022402cbf3a5bb0c92370f2d8f2c176f6354ed65c	97.033110	PINNED
fca156d013304a65a0fa6295eeba27fbb702f353413ffeff6c3db588fd0bad51	98.649010	PINNED
d074009c39c09ca11ecdfd355b1e5ffb6c3ca35ed08d26c8b3e75a00f601ffb0	97.854300	PINNED
3371835c6396b8e40d9e5284113d5d2a27d3eea1e2f69aad97dee7cf3ef9b25f	98.675500	PINNED
0542c693a7ad4dd5284fbe3cbb6db7c5d9c538e564c9c0599b214916543a5e48	98.635765	PINNED
7d5c96e99b0ac89befd3ecdfa63d89d2f4e50624c616dec5274f5ddfe6998341	98.675500	PINNED
c6d61a8124cc98af165e48fe788697ada730c3db39a03a866bb412baa218f0e8	98.635765	PINNED
8f2c15da7a957f8c2e01de3b79e2f4fb547c52b1553989a2e534df56ecf14036	95.715230	PIN_BYTES_MOVED:?Main@textEntryWidget@@UAEHAAUtag_message@@@Z
c0280a46e2a4210c1253e377220dd64c861a19be4c6d610d5b74f61b61f8ae37	98.635765	PINNED
b623ee7d9a7a02dd15c2fd51475e445a006bfafc69046c181e79f4513e14fc8d	97.854300	PINNED
c9212bc94b99890c39f2eb6ad21c7b08feffa59d446282294e685e391d4b13a0	98.649010	PINNED
00b1333fe2c5aaa16d145a0da935a1d8dfecc54abf9bf1579ba3b0df8ff579cf	94.894040	PIN_BYTES_MOVED:?Main@textEntryWidget@@UAEHAAUtag_message@@@Z
000b7103a5e69f81cf34f9b33d1222d44e18f37b6a5518ea43bb38e77f152b20	98.622510	PINNED
84c6eed700879b23f350f042b2f40635b304c6b988e1d69ab20cdf57e98766ac	97.854300	PINNED
4e0255e586b7e79057c9c7eae2a3081222d6a1054351ff0781ae36b5d853581a	98.649010	PINNED
1a2bc8cb630c06ca801a931676687333926500776a72c3bdd8a581426bafb3fc	95.754970	PIN_BYTES_MOVED:?Main@textEntryWidget@@UAEHAAUtag_message@@@Z
135da70379f7ef7e29ef342e1d1e48b6902ec83347a73ddad8ab93f7ded6451d	95.715230	PIN_BYTES_MOVED:?Main@textEntryWidget@@UAEHAAUtag_message@@@Z
1ee58ac2136462caae9727bf97d2f981ae45d0efdcf500d76274e452f894ab6c	98.662254	PINNED
bfe6119ba76ef0fe31263c86b3c7658fef3e8c80213b29d900ce120de0b81ab5	94.059600	PIN_BYTES_MOVED:?Main@textEntryWidget@@UAEHAAUtag_message@@@Z
e471292c138d7db7926dd9b17b043bb260a8cf8d14768d1878a560f5e1f397d7	97.854300	PINNED
4e88d38b0ae375424c657a763b8c6b87db3fb0a35966a943b6f32cbefcfa0efc	96.609270	PINNED
1cab1b793407caf28c1deec40b5a4c6b91c8f3d99d7fe33e7aaf4708ce222d47	98.649010	PINNED
1dd1c4c812bd673f2178206413ad1f24df960067045006afbaf67babfefbec0c	98.635765	PINNED
94dcbfcf700df5e37d5d513436dc595385b1448eef7d03fd8772969392064c9c	97.854300	PINNED
93b89e0d4a7a21e10302e65c1a9caca85a6acb0ca7a8f51c1e47fa7ceaed81b1	98.609270	PINNED
be22219d96cad96de6c054e88ddd4d37c4583c98aa29769ed50d528cf5c34a9b	98.662254	PINNED
1fa64a3ddbf320485a40021d02261c99cef480f985fa2ed04db416c97b916522	98.649010	PINNED
a3e9028e615737de7f94c86cf22137c388c4e567037581e66e5c2c99ed39f327	98.675500	PINNED
4f8a8bcc130840825ffa361e1242c8aa6fa841dda33d32f05dd054c5c1316ad8	97.033110	PINNED
b978e85c809902f2bce9639a38e4722c01f0f17132816324a4a7b602410fafb8	97.046360	PINNED
4d62706af67712f6a502cbaba97f382072c1d82efd92cbf750f54053c854aa24	98.596020	PINNED
8887a45cf17fea937e2de9aa2e0f82c7bea8574696741eac5e4b6088e39185d3	95.768210	PIN_BYTES_MOVED:?Main@textEntryWidget@@UAEHAAUtag_message@@@Z
40c1600394e50a3259c53546351b10239ac4332252a99282a477a604fbd4b54a	97.059600	PINNED
f882847c523f34a5958f3f71b0005f6062844f40a0c9c3d9d26aa22084a99b15	97.827810	PINNED
33aceddd8d9da255ec3ff69ee1b7b101ca8e945bff8b4ce6c5791b464fec75e8	95.675500	PIN_BYTES_MOVED:?Main@textEntryWidget@@UAEHAAUtag_message@@@Z
b1550abcf5dbe549af3b794bba72fa5b5ca9d8f96f69de36359c1e515eebd7f3	97.854300	PINNED
476cb194a4b9533c0309a23fc93380330d90ff4055ae6bb551642d04c365ea77	97.814570	PINNED
3252441ec61db2f17fa00bda5399911b7ea8fbe4f4c7226d7f0398bbdae33873	94.099335	PIN_BYTES_MOVED:?Main@textEntryWidget@@UAEHAAUtag_message@@@Z
d360fdee39e9bc59c21e4e06933ccf4a4615219c99c4fa7b55c4f9baf55ad538	98.635765	PINNED
1998b5d76ffa305fb6e5c829ce99476f1eef64adc85e6f533e2f7022c2917519	92.496690	PIN_BYTES_MOVED:?Main@textEntryWidget@@UAEHAAUtag_message@@@Z
f2f1c74abc744ea5b50fc589ea3b4ca311a42b809bd91413be4d248882e9e71e	95.715230	PIN_BYTES_MOVED:?Main@textEntryWidget@@UAEHAAUtag_message@@@Z
894d593d6a2fb614f0d47a03000c3679b5f876290a3d2e99849b867276ca1b27	94.940400	PIN_BYTES_MOVED:?Main@textEntryWidget@@UAEHAAUtag_message@@@Z
75adfa6267abf01f8c19e2b36241339a3693b8ebb662b058b1a7b52bd1b08d29	97.827810	PINNED
97860c11c59240bc6184ebffa27fcc5ef74632d51da886f9dbef215ed100c747	98.675500	PINNED
78331c07b95f9051536bab87b4f76f1ecaf2b9c92268cdf461d2c12f069ff498	97.059600	PINNED
59fb234b647cc439683beb318417a6f3b1f13e397a06f4ec3374e8e27d2cf2ed	95.688740	PIN_BYTES_MOVED:?Main@textEntryWidget@@UAEHAAUtag_message@@@Z
76f0fc0d75289617522cf9e34ff812329cd10529c4e91b4754cbbd449b873cf4	94.913910	PIN_BYTES_MOVED:?Main@textEntryWidget@@UAEHAAUtag_message@@@Z
12ec8ac1bbdf170fd16f24dca4d062e580dac70ecbef9c6a5864b08070251fa0	98.675500	PINNED
8689bbc1a7e4f26cb8d365b6bb2f2a1631eedc21bd47c3d1e0ce54a186e175eb	98.649010	PINNED
febad9d1ac6919f1d3abd4f4da073f01cc165daef3f3e5d11b23cf6ad7733f7b	97.841060	PINNED
829b81334f285e757168d7d18b2d6e99f3d044439c889d99ee0e1ab2805ca475	97.033110	PINNED
d7dc0f1c2fa0097007333651a8a6c9c1ce524a54919c66d177ebf606c85fbf89	98.649010	PINNED
4e4982a4fb9ce0e7fd5446abf4957ca025b2058d9943c6cea9ce45e4bdb1a34f	98.649010	PINNED
1cfcc5a8e97cf06237988badd8a5b50d3ba81ec0c6b96413833165411703a73c	94.112580	PIN_BYTES_MOVED:?Main@textEntryWidget@@UAEHAAUtag_message@@@Z
f3c2747d6f3ef4e5fea66c794b7721e00850d7e9de2471384d1beb3f099177fb	97.788080	PINNED
89745c9ca5220aecaf7e3a023d5d8fb90ec2f70b61669535957b6ea8003d3cf4	98.675500	PINNED
6614d5a38b05fbdbc74e98d9d045e75f98a58e707354bc710b00c9b95864dffa	93.437090	PINNED
46b5329ae2667bf36d586f1cf34ca8e21bdf1babdca35f6de97b784519178084	98.649010	PINNED
8a22d4c2d2e6de1ab50a7ec85214f2ce72c3591d5c849190c7ed51198b2a4d3b	95.721855	PIN_BYTES_MOVED:?Main@textEntryWidget@@UAEHAAUtag_message@@@Z
71abe667c15b92635325278c5cc25d860ec67e28da9fb4618f3f5800e9b7a28a	94.099335	PIN_BYTES_MOVED:?Main@textEntryWidget@@UAEHAAUtag_message@@@Z
db339e3d017bc9729f38a2ec97c445bde1eb7bc11f5318cb029f1755afebefa3	96.390730	PIN_BYTES_MOVED:?Main@textEntryWidget@@UAEHAAUtag_message@@@Z
b3ea672c3d5ea32efa046fdf8bdb7d9d2c5839ff3b2823f0300c6f4a83ed8e9a	97.807945	PINNED
97ddef376f2895f60d4df0958ce049d2abe6e842a8ddc75bb84b98f4cc39d6ce	97.033110	PINNED
696fe2f21432812003f6960366093c6c790db024e9098676c00774c7ee68946b	96.582780	PINNED
e049bccad234087498676f1b57b522131ba33b021c852a22b443e77213e0241b	94.933780	PIN_BYTES_MOVED:?Main@textEntryWidget@@UAEHAAUtag_message@@@Z
ec5a60c72851185cdcd08b7cd0065de80a261e3f1c65a5b4474d4d2e2794b1ad	97.827810	PINNED
1b98325e3bf549e94ba03678bf612f2df38e1a56070af3a59096fecf35696e4f	94.125830	PIN_BYTES_MOVED:?Main@textEntryWidget@@UAEHAAUtag_message@@@Z
5d694fdda95d2477e7f7c042f82598fc8f341e514ddc1b15a5a07f0d86fb69eb	95.715230	PIN_BYTES_MOVED:?Main@textEntryWidget@@UAEHAAUtag_message@@@Z
eec693b039bcd706bd207d287f19a3bc7d36baf014b3d281e9a68f94c7eb4dd6	97.033110	PINNED
2fc82571b3a8a0f36771e48c1b83087dd6c214b181730ba27ae7f136a4950eec	96.211920	PINNED
ace6cd8ec41915b7248fe7dd03988fa4f3e6571dd4998fc452040ddc5c86a860	98.649010	PINNED
2cc65cdf2c0d43e2ba11589dd03265ba5bd4ab200f7091b7142d4fe945a0886e	97.854300	PINNED
927b8d87aa0b539bc0ee149b409974f71f7141a4a097423f742d222c797c674f	95.688740	PIN_BYTES_MOVED:?Main@textEntryWidget@@UAEHAAUtag_message@@@Z
393caf390431379d014c614244d675335e76308a4d37be087811063a40f37801	97.794700	PINNED
18788f6896dabc7666b93c598aea48dd6d0b5d265ce2ec335a5d1152098c904b	98.662254	PINNED
96c71bbb20f782db4a1ce6dae3d2de0cbb5d32339ea59d0977e676a8d630b4f9	97.033110	PINNED
4eb23ac8d2bfce6b4604d816f122ed1db967102b68b54a93158c3ed77c54cd8f	98.662254	PINNED
069b730bb273f51d5a8bb1da080e900a7c8d09447ae6033fa94f0690a27767ed	95.688740	PIN_BYTES_MOVED:?Main@textEntryWidget@@UAEHAAUtag_message@@@Z
5cb829673e4ebe0d50c63711d198a2ff76c47bb2c3975479b8e486cfc54f4f00	95.754970	PIN_BYTES_MOVED:?Main@textEntryWidget@@UAEHAAUtag_message@@@Z
c5bd9a15eb8e184ab11dbc119347951692bbb56c6cbb70e9f58dfcee31cc737b	98.649010	PINNED
36e4174c165762433e6f33e0ac5a754d2490ee8da21acea76eee6f359359a74b	93.039734	PIN_BYTES_MOVED:?Main@textEntryWidget@@UAEHAAUtag_message@@@Z
7bbfd702038b577a30f9e3a98538ce29435900f2075b2f6d5acda8569b631249	98.615890	PINNED
8574e6c108db3e07cc304fd4d3fe8d1444e25ebcc85281a0c10b15c86b4dbfbc	98.635765	PINNED
1c02fc6ea6e1ae2aae2f811fd6e6100578845407fee80e57ac033f81845f10e3	94.933780	PIN_BYTES_MOVED:?Main@textEntryWidget@@UAEHAAUtag_message@@@Z
a3bfb4c931d2442af8751dc8ecaedd414058ad81993b64e3a80b705b26d67e84	97.019870	PINNED
22f4f0609c99c7d4fcb4259016945e4651e2d87975dc663eb74ef085074ace5f	98.609270	PINNED
32961397ec8cd719195de51b548a7ba5cb7f36f33fee51ea2cb98aa3c11f39e7	97.059600	PINNED
7d4b474cefb4a71ac587fdbc972be2e62f23b65bfcb1290a558b7cc657aea15b	96.198680	PINNED
56e6e7c5d96e6b705dcbe122942c957ddfdc0fb90299f9ba3981d64c03ed4fae	97.807945	PINNED
1f91fac7ab68758e5bbc11ca9e7d550d1dae29f64d1721a90c7fd9f2458c7fe5	98.649010	PINNED
71f98e5bf846fc824010863dddb5eda376b83a7802df392575693f62cd22918b	98.635765	PINNED
70f7895645e2b46ffc2323fee55ac5e54c610276a7ac2adb9a66440ab864ca2c	98.649010	PINNED
842452576dc7ef8148749de5252a54ab06f366e4906d262d79a1b3126bf670af	95.761590	PIN_BYTES_MOVED:?Main@textEntryWidget@@UAEHAAUtag_message@@@Z
88417a073489f111418b1d47b0cbf792efe09cecd9b6557d0874d717ea2ba4cd	96.238410	PINNED
b8388a8866bd48a9880aee4bdf331dfe251f68594bfb6ea331325999cc66f85b	97.059600	PINNED
0a80acd1b4a231a9397099e8df49ea98895b2187d702a019e92c29a5209d8044	98.635765	PINNED
56f95be89037d50bd31f0500391ec207082cf99b78520666722ceeb33c54b207	95.728480	PIN_BYTES_MOVED:?Main@textEntryWidget@@UAEHAAUtag_message@@@Z
6def5bc4dd431bbd8cbe7e32c392b4c607b6902bba88dcb74cf667533f9e3428	97.814570	PINNED
0183d531ace771590359c48f74ea8426edd43609292f77c79b6b58e278120bcd	97.059600	PINNED
4308ccf2147d9ea96a6497b46651df69ef9b16ebb550e4d37b4573a379442a1a	97.046360	PINNED
990bb902bd082e98a9ffd535a64bdccd604135aaf02cf16bff379a2a65f127ad	95.754970	PIN_BYTES_MOVED:?Main@textEntryWidget@@UAEHAAUtag_message@@@Z
a90edb79aaa719b23264574a4839528c862b2b981b2a5120c626ec623654114b	93.397354	PINNED
52213538db57133f262b6a897b7ae2827191f2dc9ba50cf74450f908d0ef2c05	97.854300	PINNED
d411f1c490d8a2fb04715960355fa4bd07519fad97165a000dcb8f73e922df06	98.635765	PINNED
29c505999043d4daf686c22b03ed1c872bb5ce76f8bc3d669dc84abd025cbf39	98.675500	PINNED
d26f9543de16e54d201b86915ed1af948127f56cff23951310ec69e7402e5848	94.947020	PIN_BYTES_MOVED:?Main@textEntryWidget@@UAEHAAUtag_message@@@Z
1d3e59a2c6be03028b61595c65a8a35bb716a2b63ba17acc7969db3353086b61	98.622510	PINNED
5a46fdf4e94e8a8ebd08d0bb76ff3c80e27a3ada061c1a9a37b00c3f5e9fc01e	97.801320	PINNED
ef4e28460edb42e4a1807d2fa9e9d3a79d91ddf1f10d37be45eb6cbf98111e88	98.662254	PINNED
7a2e9c86559b868a14f6b6ceef7275a9b09f827ad729da4bb41f87348413b175	98.675500	PINNED
a066f03ed88219b772c6dbf53a4c54819474d9543f869ba9386194f0aa10c217	98.675500	PINNED
3970296ac2251636bc5c216eb45e21b35ddd2ea1beaa1a7b08a18febdda0626c	94.933780	PIN_BYTES_MOVED:?Main@textEntryWidget@@UAEHAAUtag_message@@@Z
bc69c1817d99b588b7c47aa6709c6e0323491aca338988f6468757181e886316	97.059600	PINNED
4b09c47143f3d3c56ce62ecf1ff487d4eb9941296b0adec130d6b28b0ed54e67	97.006620	PINNED
9e3927dc4e19de2297a4e0f24da4eeeff7a086ebb5ee8fa0716922d888d2de5f	97.827810	PINNED
57bf6d13f60ef1211d12c9768b5c2dc8de1177989709cc99f83b465820eca2ab	97.033110	PINNED
6fe04402ae4d4e9aa3ba34ce663446b89d3471c08425ea1b5c65503502cfc62b	98.675500	PINNED
8030ead2fc871c7604fdfe89fdf59818297ef1eaed04b54638e626fd28f38a5e	98.622510	PINNED
63904910b7d974716646584eaba279a85de16921c355ae8aba098d35003bbab0	95.688740	PIN_BYTES_MOVED:?Main@textEntryWidget@@UAEHAAUtag_message@@@Z
263b2ac420dc445348d994c5849755985eb9f9e818b4ee611bd33f300f74d699	98.622510	PINNED
89a4c0c06d65d4fa802c3fb6f69bca9e98d27ce50984e46366be55c7a6a6d5c0	97.827810	PINNED
b171fa631e438e311db3b738b3c123e65e452c41a687abfd65fb326e6a79325d	97.841060	PINNED
60eb5df3c7e6219084f3fe4f799638ecafb16f2653aea0401f7c4ffab7b6d8c0	97.827810	PINNED
2b859aa2bb8689b2cd52cdc1fd3b992e983fee8aa94026a07683f365f2ff5259	98.649010	PINNED
610ed300f9a0b6d21688ebe17ccab50b8de2628fe6070a8673e1ccefd25f4107	98.649010	PINNED
d5aace40ed61fef0bd8e9a79bbebadac2c1b693c6ce79a5c4ec0b24c71bd9b90	98.609270	PINNED
ca0ccef4c1f5447803da53505b5f0ae0549fd291a318d81148197d37dc7a5bab	98.649010	PINNED
7e2e2b0a81446c944e2b926cac603ec4b73d19ed3a61190553da9d47a92c0fa0	97.854300	PINNED
c263bd8df5d8263a07e71fb4016e9052dba85d2207a5d8a35accc7b75476dc06	97.834435	PINNED
0860e2d92ee27281d62708144a8112806f1be5dc008838ab94ac0604f4f62300	98.675500	PINNED
f8566855010a1112949ed20e6ed12b2109455cc43ce98d0de2d5d14f5303ab35	97.854300	PINNED
61e86e4f8bc63e7fd271ef137668544f6cf5f97260f59734c55aec7572640374	97.854300	PINNED
32332a800f0726a1de6b0dd3f1839d4e9c57606e59f9367f31261bf88bb81605	97.033110	PINNED
795a3b297c60495130894266b62cf79b14b5de1192397057911e3ec1c52f61e7	98.675500	PINNED
0e7873c45625d80f5262018be3d056fc9d1f78cc06b1821c8c6b26928fc579b2	97.854300	PINNED
230e5b09e2395395d61bd49d7d4dfc1cac5dc24baf74b9a66d8468ad31bad829	95.708610	PIN_BYTES_MOVED:?Main@textEntryWidget@@UAEHAAUtag_message@@@Z
0998bb2735657af19c79b486a5ae90516e28b64b6958a9ef131f5a9c07b7a7cf	98.675500	PINNED
6cc9456cf50ef63a754bd8c138099c5084ea2b4033dac9926f5ef6905897fd49	98.635765	PINNED
656b1b3cf3411da6b79567778647b9e749dfd6dd3514e1cf12c5e862a1c0aa88	98.635765	PINNED
8122f8cbaa804e452f405b32802711a8384d6f33f0d644424f7b2447e5e8d2d5	97.827810	PINNED
886bb8d724d66d38cfa129e6191bcde55b384d36393e88a063a3fe7c1d387238	95.754970	PIN_BYTES_MOVED:?Main@textEntryWidget@@UAEHAAUtag_message@@@Z
436bf91ab042d9c8851030039ac8a523bde1a37231fa08918ec38d81c5b3bc61	97.827810	PINNED
7e9d8622366b484ba10532c38f71da1c7e9e627ced2a0100e72d1d1fd7f478ef	97.059600	PINNED
7f9f5a0e4aa5de748fb21a4a0475110bf1cef05d0cefe2cfd57687794a2eee85	98.649010	PINNED
fa8514ea85ac8ad6c7f49482db474b2ffe269c66c15b1c2e2ac0645effa9cad2	97.827810	PINNED
2cca7d5a06879c546d2397fac67a4ec1ec12b0369ba13b032ec3c7d01f052cea	97.059600	PINNED
0278191a0de83a4712ef8152a0c0bab18efe844eb476d65a3a32f7090c0b2b87	98.675500	PINNED
dcc73b3ce2e248a05a332cc9165d06ba865bcee6bef80739aee2fdcdf8c5a644	94.066220	PIN_BYTES_MOVED:?Main@textEntryWidget@@UAEHAAUtag_message@@@Z
52003a77e7b61c1e11f3b19d3f5f2b1c1c852a6b236d7cb33bb42ee72cb21607	97.801320	PINNED
05d5617e3711cb1b3042109d055f294ad9feb2ecb899d794dabdb28d069a5c29	97.033110	PINNED
f9e2cd8055da45b2e67c861b8f3b99e01ed2e95002aa69a97b4113b6704f5d51	98.675500	PINNED
f96fa58874e90ccc4df1c3451582e8af4e626e976ec4bc38f6c0d80ba5660db2	98.649010	PINNED
044348784db3f3730f454f7ce7703f4ebe5ac1ca5a33c417f4d60f8e349794d1	98.622510	PINNED
8dc7ca5a5efc8c904dda2e12ef7f19eea673b0d2472ed066252d56dd187350cb	98.662254	PINNED
34699a5802a361f7f1e85bf93855911908ded11a4e7381e1c7daa5c532777cf8	98.649010	PINNED
84a9f7b74a96b72afcb48a0b4ae4b748705fbc37b94bccb48190a014cdc423dc	93.847680	PIN_BYTES_MOVED:?Main@textEntryWidget@@UAEHAAUtag_message@@@Z
6edfdb4e4a8ee31a56d78a284c80f54dae4df43da1291b3b9a2417b42c112a1e	97.033110	PINNED
10c24ce316e11fb36452186fbd39c81e6314c39bcaf2d00f2e152cfdea886ba9	98.622510	PINNED
dd7f9fec5d708e1d873e6138b5e8085ce4527232153f6b3026727627b8810729	98.649010	PINNED
d9ead6f5ad16390e4d084374a8f94362b98d6ff67a6d47b49a0b34d53eb89c55	96.993380	PINNED
335ce454523e66b85859f8538adaae52ea2586a3bda53c623632fe137ba3ed94	98.649010	PINNED
589ca92be975bc453ee7fa0fe97ba8aabf375d3002be11e9abd64f9ca08ee290	94.112580	PIN_BYTES_MOVED:?Main@textEntryWidget@@UAEHAAUtag_message@@@Z
2ef9f4f7eac1c1994b93dd139e1b8af028d929e0e97bbdd2cfa2613efdc38c54	94.887420	PIN_BYTES_MOVED:?Main@textEntryWidget@@UAEHAAUtag_message@@@Z
5890eb3da47f97884641bed7fb7e5dd929c52189102ea0440070f438ebff253e	98.675500	PINNED
3106ea0738df88ffcad3d6867c2289e3c25a3d5b2f0fdd369d2bf61f926d470c	97.013245	PINNED
8617ed7f26e31f5e300686b47ff78a3a2009008ba2299896cd75d2616c1258d7	94.920530	PIN_BYTES_MOVED:?Main@textEntryWidget@@UAEHAAUtag_message@@@Z
2dafa38702a9bd6c1c49e63324aba9650ae9672ac86844302042c356721ae162	98.622510	PINNED
48a7637949df454e7e5349683f2e9326bdf49a3343863b2a5b13b36a20dd6dec	96.185430	PINNED
dd712a6a479084718b8e0480bfb84986e32eac32a5de929bcbb8eaadcd47c5ff	97.033110	PINNED
6fb9c7935acd58ba4ad09ef7fed935387cb9f975d152e057e55dc0532087f7b8	97.046360	PINNED
e8954de0bc0bf5f693868e2aded2fd4202e2daded5c0389fbca5867a42ba2ad9	97.801320	PINNED
d277e5e10b91f7294744a14e8db73a53fdb5d59499aa2e040c29a0ba454185b1	98.675500	PINNED
b6b211dd8eb445b10123af68c7a1f6564adc03fdc5fd8527329b7113a4cd574a	95.443710	PINNED
97c770e41e2e296d72445e56260bedef7bac8bc9a97fcdc87e08439f96f8d357	93.662254	PIN_BYTES_MOVED:?Main@textEntryWidget@@UAEHAAUtag_message@@@Z
f4894ad3e4a57133213560b0f8beb0c190abb6f0f4232366af7cb6b8b45f6c72	97.033110	PINNED
4e640475b49b4fb4920c5e94ef26dbc9da10980ba3062e9adb05f6647456f62a	98.649010	PINNED
0cbefa25c58602e141a6126467353e40cfc12a8409f968d80cde2481001a20a0	97.854300	PINNED
ad5365b8511591faae427be707c0d25bb80edb7b1281f8289c957306e3fc0936	97.854300	PINNED
82ad3fee3aeb512718da940a8d4edbd0c4f97225fd37cdf8344e953762581be9	98.649010	PINNED
070b46767dc41d6833ead209736180397d08b7d14ac69d6ced6fc921ddfc78c9	98.649010	PINNED
672ac14187747fa31e2305a81cdb56e6d66b83d60e7c610ea89bb35ddf73512f	98.609270	PINNED
fd708c5bc7ef48b4a3025a927a03a80b22292dac5750f5f193943b59409f6240	95.715230	PIN_BYTES_MOVED:?Main@textEntryWidget@@UAEHAAUtag_message@@@Z
cd990c939107f05f84a7add303e0d81056cb3f3c1a1845f1978821f9c5bed4cb	94.112580	PIN_BYTES_MOVED:?Main@textEntryWidget@@UAEHAAUtag_message@@@Z
ab2d40f76733d4ca13434903173ea232d992f75ee579d6bf35e2e465737a62ee	97.834435	PINNED
0869c2df5fb84d9049b83bc4b86bdc4621a7b74dc017e09a0bc0cd19b7bb2f77	98.635765	PINNED
67976133017758bc47307e211b9308c35fed63c73e122b0e55103a154d021235	95.754970	PIN_BYTES_MOVED:?Main@textEntryWidget@@UAEHAAUtag_message@@@Z
719f0074efeaa1da0ff947c0ff13708b21069ff6e17bfa05665245a2e4787089	98.622510	PINNED
856128879f44c4127f381c952e4aa8e88c881694f983e1e95c810be20b09705a	98.675500	PINNED
66c2436f9866251296c59db415669174a6a91dd3019307e823156b99aa2a31d8	97.019870	PINNED
61561ffd4c01bf415fcfdd5ddaf588809b1fb4bf0274ecc95dd6de9f2eed85b0	95.688740	PIN_BYTES_MOVED:?Main@textEntryWidget@@UAEHAAUtag_message@@@Z
d9fe6fde345d57ea0b48c1a4ef0a90a4837031dab96d88757e6fe9ba92e5b8c0	97.033110	PINNED
79e0ad5491d8bc6af455ca7d49657111d6da79fa63e7eb1dfdcf7d7abe869e87	95.715230	PIN_BYTES_MOVED:?Main@textEntryWidget@@UAEHAAUtag_message@@@Z
81adef0fa3102a6d70c74bd19996e69da347e416c1b79e184f6db40a59a68937	98.675500	PINNED
c701f1f51c249655eb8f8c44993bf0df4363c35af36540706f73cbdf2a069b93	92.602646	PIN_BYTES_MOVED:?Main@textEntryWidget@@UAEHAAUtag_message@@@Z
6c0c9fae2940b0958182bc7275f7752909a9a02e0d86745c336758a65b43a852	97.033110	PINNED
d5c252d606dd0b3b7d79326fd590b06b11b53370e6b2783181d9a06352596a27	98.649010	PINNED
a81d8ea3b9f6a5d76742884d3ca96a4d8d54a1d1fee35f011bcf5bdc56989619	97.827810	PINNED
8b465afbd48ef82b4d0fe6edb1d8ae2aa703c7f59f31c6de84f46607b0ffcd8c	98.622510	PINNED
294599cf79f99d7f1c381794ee31df85cb2006cfa696273b796e4a46339b671e	98.662254	PINNED
c37fb54763e3cfb7e0d8cb9eaf2d11d1bf1143ee493f2c84372fdc6d25b58936	97.019870	PINNED
80681ef2f0370f32390bcc9d1ba208b67920542a21017f88e22867db3fd1b746	96.609270	PINNED
da8fa5321d3c99cf8e47023c80b3580bbc9d15510298d6ef980524539f8ea717	97.854300	PINNED
50b5c6e875d7cb6b2e0c625435de172bf772ec7b5869450b40c18538fe28e848	95.721855	PIN_BYTES_MOVED:?Main@textEntryWidget@@UAEHAAUtag_message@@@Z
348e15da8f0a68eca60699cbe087447ee24009ab3d6b86045fd1589df6adb78c	98.622510	PINNED
25f43f9bfa67beac82ddaba4014440281e4a9f5f8b8deb7d5fb927113de1a443	97.854300	PINNED
79873f3f60f9da57ea4751f3a45a804f91ae99683e1094c93908c473dd4d4de4	97.033110	PINNED
3f9127ef60e9478ad25b1d829212a285294d75ac13e7653d8fc86417424ca5ae	98.622510	PINNED
237d03268154dacad51405f4ee12377313c5716d729a7fd849d78575e1bac6fa	97.788080	PINNED
f6fb187ebfac41879a56d5e79585d7762715c7c4da06e0f9509e790fd187453c	98.649010	PINNED
3e5ce6cfc3c2ed3eccffc0622f3a8159adc09abb760d86c2c9657fae90ec1006	97.854300	PINNED
8ec4fa63f5d005b822e02d5aed4fb60fb04c97c436417a9df918768c12398203	97.033110	PINNED
19aefde3cb83bd70f71c2b654dcff70e013a13d85426b93c38af8977993c40af	97.033110	PINNED
d4d175bddfd8fb865a6718ce65a05bb0812410d1ac7abc8d5cc3593d69961d98	98.582780	PINNED
33826c1632c4dccab7b5db3937140bc57df8b08773741614fd94fc0a585bfc59	98.649010	PINNED
2b6ed31b52285ce974a47a9c62bc191c8aad893ca7fce46dbf7212f5155973ad	95.721855	PIN_BYTES_MOVED:?Main@textEntryWidget@@UAEHAAUtag_message@@@Z
898dd876521e5857c2f689c615fd76f254ed7b1d0b61f126976f0b471256c1e6	97.854300	PINNED
51f629a7172dffb17f70655bc9678bd3fe979028325c8f76111dc65e9ec8a559	98.662254	PINNED
cb34ddafda1e8b02685282f8436909efe820066f37f1fce19b35fadc5e6c3b29	98.635765	PINNED
e32db7ce63146d3633a2b6ed1f0b67334c54488e338ade4f667857a646824616	97.814570	PINNED
ef7437f02568340d71fa4fdc717688d2809d4c9afdc6701018d1f53058804b55	98.635765	PINNED
1a4f3f18df6cfe77e32ffa64e5db8e5c2f6b795e5cf1954709411b4328b5014e	98.649010	PINNED
405fcedbe402e36cd19fc2a1e585c2a8c5c7977ca12915fad537d9fd1fc35326	97.814570	PINNED
a7b0c41383f237c00969f6dd956fa205cf407f7a06599515987b798a755e59e2	97.006620	PINNED
3bb0a3eee4bc3222d7b205af01cee7d476170bdf69eb86cca3186e80ea3e16e2	98.635765	PINNED
f3fe9b1ec2f016fb515c6ea06af2ced88ab2311fdf717d64d2fd4b4aa38cbe40	97.059600	PINNED
8522aa369cd755291a9e6c82dda88ef52a85c4b649238272cf5f5a309b73e408	94.927155	PIN_BYTES_MOVED:?Main@textEntryWidget@@UAEHAAUtag_message@@@Z
f081d43307a09e51624d540cecb4d07ec78fdb088249a660e15a21f2659a3882	98.649010	PINNED
89a9583787e3430441f0716f53bc90065e6dadd0185704c6d11910fceb82fbaf	94.139080	PIN_BYTES_MOVED:?Main@textEntryWidget@@UAEHAAUtag_message@@@Z
d513626dd84f29d118b09d01626084b3b3c929889076ced14fe519e00b5359d6	97.854300	PINNED
1701202f2e7f3e86e0959e7f43fd8272adbb8e4a7b9221588671fc041c6d5d5b	97.059600	PINNED
e01e5f2bd94948732584589831a952c853c2cf7c1106dd1e3dd34d5642f25a98	98.675500	PINNED
4da79ecedbc0533ad5cbe50bebfdd7344993996aecd037844ebd37a2a609aa0b	97.033110	PINNED
12979605e5205de57d599aa82f0fe784244157df57e58a10fc7a751c4f5635c2	98.649010	PINNED
67a3ee39d497d5b292b1de7d7a5998505308985d7c619a6e7d3c88f8d52ebc9c	97.033110	PINNED
582204a95a23a35c946c37c54807ef53e648c91eebb5b372b70e24bfbed80d9b	98.649010	PINNED
0d67860056f3814e733ef850e88506eb74d3b23239b5ad9028a6d375bb79f7fa	97.046360	PINNED
d9582ab6ffc02ccd256f249273f85e5696821ade1812c82eca52eaa3964c3306	96.238410	PINNED
b436c2e95a66df0704b32c5473fb44b9d0b540a29d21812615087d322dee23cf	98.675500	PINNED
ac91e218721bb0fd7eb95ec8996926abbf08fa3fbe330d3c5f4005f8855e9d5e	96.609270	PINNED
8ba1f59abd6040978ccfb2a9ac4730894c3e952eb44feb5b9ef06dcd12d41155	95.701990	PIN_BYTES_MOVED:?Main@textEntryWidget@@UAEHAAUtag_message@@@Z
142e80819e8ac0bf5a294c24b8e9d2f4d7581a029fe755ad4e1a1f5913ff0935	98.635765	PINNED
e62cb64fac1a2a864170f3951a0041bd8893d2e58401de08b09865c934d5cd50	95.761590	PIN_BYTES_MOVED:?Main@textEntryWidget@@UAEHAAUtag_message@@@Z
2e507e17b4ff482606ddf8667701b5134cf75bc4f419d2608a3021470ca1abbb	95.688740	PIN_BYTES_MOVED:?Main@textEntryWidget@@UAEHAAUtag_message@@@Z
93b1c73f3a1b8166ab6815369e9c4f70c60ada1ec984a52e1c6830471fb71415	97.033110	PINNED
59feec7ecef72d23ab591cd1ba24e3ee56d83d0dfc638ae1b2d97bc427834b8f	97.059600	PINNED
566b43fcf55b711544dce2f51d7b5e7ffc97d7446aa1ecd501a414fd64a17d84	95.768210	PIN_BYTES_MOVED:?Main@textEntryWidget@@UAEHAAUtag_message@@@Z
e1fa64c96ccf80ba3b23176ab690d1d4a4804bb933fee86442a297638b97bc4b	98.649010	PINNED
69f678e77751f951054844175796a20fa399c04c100583cbf62d1a0009d8fe05	94.099335	PIN_BYTES_MOVED:?Main@textEntryWidget@@UAEHAAUtag_message@@@Z
2aaf3cd1aa6f28e4be7fcd39bfed1504b0be11332459d19fd497f4a87908d7af	96.417220	PIN_BYTES_MOVED:?Main@textEntryWidget@@UAEHAAUtag_message@@@Z
29bdd8709be7922c7740bf2618aa3e70212784354336da8a175fa748cada2628	93.887420	PIN_BYTES_MOVED:?Main@textEntryWidget@@UAEHAAUtag_message@@@Z
23ff616dd8fbb8fe346b4572e75ab065dc07d1dded4d67f6e97b8121e19088f6	98.635765	PINNED
a2e42206b89d0edd7853b6168750dccb20b9c6899772fb5909820ba1a54ec530	97.059600	PINNED
e349ba4ee1ff817fb32f4ae042e5dfd99e2f9578de04e3370b85375c468f9619	98.675500	PINNED
d4619d5b9287defd778930fb15205130f2fc323fdf275396e3bb49235e559013	98.675500	PINNED
d9fb29d2e931fff2945251414dc222e0f75c753aae9f4c3aacee0afa25dcb2dd	95.715230	PIN_BYTES_MOVED:?Main@textEntryWidget@@UAEHAAUtag_message@@@Z
ea3957352334c1221232615c1f3abba2a3876bde90fce71868c6529ec13897d8	96.211920	PINNED
056153c5dc3068314c5324e653c285370d14917badc1dc529e2646dccacd42c8	96.582780	PINNED
20788bf064636fb95d07fbc4b2bd67a685ea069b9b5d816d0d2d52cd91758407	94.933780	PIN_BYTES_MOVED:?Main@textEntryWidget@@UAEHAAUtag_message@@@Z
a6d9106a7e7730829fe949d92f4c575a5131b16a20bdf9f93640fc9f387d7db7	97.827810	PINNED
a454fb51bf593dc5474cd7f9a32bde1e171a0394de5a68c43c35761ad3622cd9	97.794700	PINNED
f81b7518dde15b51e0b26d6a7154f7c70cc6138a9b68a4780fd8f9528b8efce2	98.635765	PINNED
ad0958a392012392ee59d714fdc485819075d27388ab9299536021e3a394c008	97.059600	PINNED
f8a418b3cbc37fd828221a3555a855ae4e34d16545c0d49dbc1a2ed8088f3d3b	97.059600	PINNED
2c547a52e682a18a15c8dde3de13cd76e2371aed32a289ad435975922ae81007	98.635765	PINNED
088e3842e228b29bca81c50a2eb3ec689ca4d784c8a847bad9dcf3347c3e7f54	98.675500	PINNED
3a843eaff5a43ec21333e0c865f3bb90bdac22fcd608189e6a7b22691bb3dd05	98.609270	PINNED
19f696df79326800649f44da25487aa5d333c722a49c1d496db6c317e80afb62	98.622510	PINNED
fd576eb66128c26bc2a99daa991f0d955a4b363beed1f9bd3acddcf4e77e2553	98.675500	PINNED
f4cefeea49f2ead05d680b19033d50ced1c8717a9691166d56385bc86d16572d	98.649010	PINNED
31babe2774803f63022245d993e4abd729fbf7ca346b0e6d23add3aa6b86fcaa	97.814570	PINNED
34c2fed14d4a9b47594e530f6d55667ef776e54917db149fd4ba0410b435f071	97.046360	PINNED
f6a90884274332143cac2d022c03e325a022e8ac194f3eda1d5d3089f1fe5c15	97.059600	PINNED
69b911a322d22abc367006708262f7e69a4692a96c282c8790c7411779fd5aec	98.675500	PINNED
5e1ce7e480ac9a98d7b86354633ac16c53090c01f55ec0ea4902500237f62b52	98.649010	PINNED
113c77ba7ea09a5a12f1d9cbbed195abf09669886f3a8cd4546a15600cdb129c	98.635765	PINNED
4f3286d25badbf1beb13730bb4026b87d6a31a7a9de018987b13fd996ee46272	98.675500	PINNED
05cd11466f6ea4a211ef779e30140089ea20f0c10067080c0356f6c67ae24397	94.139080	PIN_BYTES_MOVED:?Main@textEntryWidget@@UAEHAAUtag_message@@@Z
29db465e4fe6b7b4f8ecec34b407acbe2eec09f1f214395ab6ce33cb02d4cbee	94.039734	PIN_BYTES_MOVED:?Main@textEntryWidget@@UAEHAAUtag_message@@@Z
