source_sha256	state	ctor0	deleting_dtor_1	deleting_dtor_2	ctor15	dtor	Read	Main	Draw	SetupDisplayString
8aaf3cc7edfb882ad036d2e666e5af371fb613283f22c9f10894ba77137bf198	canonical	100.000000/0x2d	unscored/0x36	unscored/0x36	98.695656/0x134	100.000000/0x21	98.675500/0x26c	99.852940/0x874	99.992424/0x160	95.000000/0x1be
51988e5f07b05becc7dc071b3c21adefd789f21ec243c5c0a0b5b805eb24b9e4	remove_redundant_direct_va	100.000000/0x2d	unscored/0x36	unscored/0x36	98.695656/0x134	100.000000/0x21	98.675500/0x26c	99.852940/0x874	99.992424/0x160	95.000000/0x1be
b9b28dfeb4debec6dd8812a4de984752dc550558601128ea9756962b69312d96	remove_va_misc_before_kb	100.000000/0x2d	unscored/0x36	unscored/0x36	98.695656/0x134	100.000000/0x21	98.675500/0x26c	99.852940/0x874	99.992424/0x160	95.000000/0x1be
2686dbe0fcf25d19b6b1e94376c3c9e6bd28bbc0f948bbb68669e12175aa5fc3	remove_va_original_surface_before_added_owners	100.000000/0x2d	unscored/0x36	unscored/0x36	98.695656/0x134	100.000000/0x21	98.675500/0x26c	99.852940/0x874	99.992424/0x160	95.000000/0x1be
501e1303ecdbe55b5b3b44daab8a27d4155acd8c38520bf5204991ca19241a5a	remove_va_kb_before_resource_definition	100.000000/0x2d	unscored/0x36	unscored/0x36	98.695656/0x134	100.000000/0x21	98.675500/0x26c	99.852940/0x874	99.992424/0x160	95.000000/0x1be
523d8b37af1462b3d5157b5eb91d238285752d18a71f96a35af53ccd13c0eb84	remove_va_misc_xglobal_kbwin_before_kb	100.000000/0x2d	unscored/0x36	unscored/0x36	98.695656/0x134	100.000000/0x21	98.675500/0x26c	99.852940/0x874	99.992424/0x160	95.000000/0x1be
c58cf42a5ed662ad293a31adaa6e385a17881e75e05e60698b80761a8d785b1d	remove_va_main_only_owners_after_dtor	100.000000/0x2d	unscored/0x36	unscored/0x36	98.695656/0x134	100.000000/0x21	98.675500/0x26c	99.852940/0x874	99.992424/0x160	95.000000/0x1be
641efc9193bcf1d46f16ab04e8cbc91d35d75f47e155779792221ef6ce180262	remove_va_main_only_owners_after_read	100.000000/0x2d	unscored/0x36	unscored/0x36	98.695656/0x134	100.000000/0x21	98.675500/0x26c	99.852940/0x874	99.992424/0x160	95.000000/0x1be
62ab16056eb57a5d80c64ac7d1d8896caa451733ed86eeffb7f9283f45057ffd	owner_class_only_before_default_ctor_and_main_owners_after_read	100.000000/0x2d	unscored/0x36	unscored/0x36	98.695656/0x134	100.000000/0x21	98.675500/0x26c	99.852940/0x874	99.992424/0x160	95.000000/0x1be
